--
-- Copyright 2014 Comcast Cable Communications Management, LLC
--
-- This file is part of CATS.
--
-- CATS is free software: you can redistribute it and/or modify
-- it under the terms of the GNU General Public License as published by
-- the Free Software Foundation, either version 3 of the License, or
-- (at your option) any later version.
--
-- CATS is distributed in the hope that it will be useful,
-- but WITHOUT ANY WARRANTY; without even the implied warranty of
-- MERCHANTABILITY or FITNESS FOR A PARTICULAR PURPOSE.  See the
-- GNU General Public License for more details.
--
-- You should have received a copy of the GNU General Public License
-- along with CATS.  If not, see <http://www.gnu.org/licenses/>.
--


create database if not exists `keymanager`;

USE `keymanager`;

/*Table structure for table `key_code_format` */

DROP TABLE IF EXISTS `key_code_format`;

CREATE TABLE `key_code_format` (
  `key_code_format_id` int(11) NOT NULL auto_increment,
  `key_code_format_name` varchar(45) default NULL,
  `key_code_format_description` varchar(255) default NULL,
  PRIMARY KEY  (`key_code_format_id`),
  UNIQUE KEY `key_code_format_name` (`key_code_format_name`)
) ENGINE=InnoDB AUTO_INCREMENT=3 DEFAULT CHARSET=latin1 ROW_FORMAT=DYNAMIC;

/*Data for the table `key_code_format` */

insert  into `key_code_format`(`key_code_format_id`,`key_code_format_name`,`key_code_format_description`) values (1,'PRONTO','Key Codes in PRONTO format'),(2,'RAW','Key Codes in RAW format');

/*Table structure for table `remote_type` */

DROP TABLE IF EXISTS `remote_type`;

CREATE TABLE `remote_type` (
  `remote_type_id` int(11) NOT NULL auto_increment,
  `remote_type_name` varchar(45) NOT NULL,
  `remote_type_description` varchar(45) default NULL,
  PRIMARY KEY  (`remote_type_id`),
  UNIQUE KEY `remote_type_name` (`remote_type_name`)
) ENGINE=InnoDB AUTO_INCREMENT=7 DEFAULT CHARSET=latin1 ROW_FORMAT=DYNAMIC;

/*Data for the table `remote_type` */

insert  into `remote_type`(`remote_type_id`,`remote_type_name`,`remote_type_description`) values (1,'COMCAST','Comcast Silver Remote'),(2,'SA','SA Legacy Remotes'),(3,'COMCAST_XMP','XMP Remotes'),(4,'DTA','Remote for all DTA Devices'),(5,'TV_PANASONIC','PANASONIC TV Remote'),(6,'VDO_SRC_CONVERTER','Remote for video source switches');


/*Table structure for table `key_codes` */

DROP TABLE IF EXISTS `key_codes`;

CREATE TABLE `key_codes` (
  `key_codes_id` int(11) NOT NULL auto_increment,
  `FK_remote_type_id` int(11) NOT NULL,
  `FK_key_code_format_id` int(11) NOT NULL,
  `key_name` varchar(45) NOT NULL,
  `key_code_value` varchar(1024) NOT NULL,
  PRIMARY KEY  (`key_codes_id`),
  UNIQUE KEY `unique_keys` (`FK_remote_type_id`,`FK_key_code_format_id`,`key_name`),
  KEY `FK_remote_type_kc` (`FK_remote_type_id`),
  KEY `FK_key_code_format_kc` (`FK_key_code_format_id`),
  CONSTRAINT `FK9D068E469470A0C2` FOREIGN KEY (`FK_remote_type_id`) REFERENCES `remote_type` (`remote_type_id`),
  CONSTRAINT `FK9D068E46BBCD9A6D` FOREIGN KEY (`FK_key_code_format_id`) REFERENCES `key_code_format` (`key_code_format_id`),
  CONSTRAINT `FK_key_code_format_kc` FOREIGN KEY (`FK_key_code_format_id`) REFERENCES `key_code_format` (`key_code_format_id`) ON DELETE NO ACTION ON UPDATE NO ACTION,
  CONSTRAINT `FK_remote_type_kc` FOREIGN KEY (`FK_remote_type_id`) REFERENCES `remote_type` (`remote_type_id`) ON DELETE NO ACTION ON UPDATE NO ACTION
) ENGINE=InnoDB AUTO_INCREMENT=278 DEFAULT CHARSET=latin1 ROW_FORMAT=DYNAMIC;

/*Data for the table `key_codes` */

insert  into `key_codes`(`key_codes_id`,`FK_remote_type_id`,`FK_key_code_format_id`,`key_name`,`key_code_value`) values (1,1,1,'THUMBUP','0013 0055 0013 0055 0013 0055 0013 0055 0013 0055 0013 0055 0013 00A9 0013 0055 0013 00A9 0013 04EA 0155 0056 0013 0D02'),(2,1,1,'GUIDE','0000 006D 0000 0012 0157 00AB 0013 0056 0013 0056 0013 0056 0013 0056 0013 00AB 0013 00AB 0013 0056 0013 0056 0013 0056 0013 0056 0013 0056 0013 0056 0013 00AB 0013 0056 0013 00AB 0013 00AB 0013 02FB'),(3,1,1,'HELP','0000 006D 0000 0012 0157 00AB 0013 0055 0013 00AB 0013 0055 0013 0055 0013 00AB 0013 00AB 0013 0055 0013 0055 0013 0055 0013 0055 0013 0055 0013 0055 0013 00AB 0013 00AB 0013 0055 0013 00AB 0013 02FB'),(4,1,1,'D_LOCK','0000 006D 0012 0002 0157 00AB 0013 00AB 0013 0056 0013 0056 0013 00AA 0013 0056 0013 00AA 0013 0056 0013 0056 0013 0056 0013 0056 0013 0056 0013 0056 0013 00AA 0013 0056 0013 00AA 0013 0056 0013 049A 0157 0056 0013 0D14'),(5,1,1,'EIGHT','0000 006D 0000 0012 0157 00AB 0013 0055 0013 0055 0013 0055 0013 00AB 0013 0055 0013 0055 0013 0055 0013 0055 0013 0055 0013 0055 0013 0055 0013 0055 0013 0055 0013 0055 0013 0055 0013 00AB 0013 02FB'),(6,1,1,'MYDVR','0000 006F 0012 0002 0154 00AA 0012 00AA 0012 0055 0012 00AA 0012 00AA 0012 00AA 0012 00AA 0012 0055 0012 0055 0012 0055 0012 0055 0012 0055 0012 0055 0012 0055 0012 0055 0012 0055 0012 0055 0012 0482 0154 0055 0012 0482'),(7,1,1,'STOP','0000 006D 0000 0012 0157 00AB 0013 00AA 0013 0055 0013 0055 0013 00AA 0013 00AA 0013 00AA 0013 0055 0013 0055 0013 0055 0013 0055 0013 0055 0013 0055 0013 0055 0013 0055 0013 00AA 0013 0055 0013 02FB'),(8,1,1,'PGDN','0000 006D 0000 0012 0157 00AB 0013 00AA 0013 00AA 0013 0055 0013 00AA 0013 00AA 0013 00AA 0013 0055 0013 0055 0013 0055 0013 0055 0013 0055 0013 0055 0013 0055 0013 00AA 0013 0055 0013 0055 0013 02FB'),(9,1,1,'SLOW','0000 006D 0012 0002 0157 00AC 0013 00AB 0013 00AB 0013 0056 0013 0056 0013 0056 0013 0056 0013 00AB 0013 0056 0013 0056 0013 0056 0013 0056 0013 0056 0013 00AB 0013 0056 0013 0056 0013 00AB 0013 049A 0157 056 0013 0D16'),(10,1,1,'VOLDN','0000 006D 0000 0012 0157 00AB 0013 0055 0013 00AB 0013 00AB 0013 00AB 0013 0055 0013 0055 0013 0055 0013 0055 0013 0055 0013 0055 0013 0055 0013 0055 0013 0055 0013 00AB 0013 0055 0013 0055 0013 02FB'),(11,1,1,'TWO','0000 006D 0000 0012 0157 00AB 0013 0056 0013 00AB 0013 0056 0013 0056 0013 0056 0013 0056 0013 0056 0013 0056 0013 0056 0013 0056 0013 0056 0013 0056 0013 0056 0013 00AB 0013 00AB 0013 00AB 0013 02FB'),(12,1,1,'ZERO','0000 006D 0000 0012 0157 00AB 0013 0055 0013 0055 0013 0055 0013 0055 0013 0055 0013 0055 0013 0055 0013 0055 0013 0055 0013 0055 0013 0055 0013 0055 0013 0055 0013 0055 0013 0055 0013 0055 0013 02FB'),(13,1,1,'FIVE','0000 006D 0000 0012 0157 00AB 0013 00AA 0013 0055 0013 00AA 0013 0055 0013 0055 0013 0055 0013 0055 0013 0055 0013 0055 0013 0055 0013 0055 0013 0055 0013 00AA 0013 00AA 0013 0055 0013 00AA 0013 02FB'),(14,1,1,'SIX','0000 006D 0000 0012 0157 00AB 0013 0056 0013 00AB 0013 00AB 0013 0056 0013 0056 0013 0056 0013 0056 0013 0056 0013 0056 0013 0056 0013 0056 0013 0056 0013 0056 0013 00AB 0013 0056 0013 00AB 0013 02FB'),(15,1,1,'NINE','0000 006D 0000 0012 0157 00AB 0013 00AB 0013 0055 0013 0055 0013 00AB 0013 0055 0013 0055 0013 0055 0013 0055 0013 0055 0013 0055 0013 0055 0013 0055 0013 00AB 0013 00AB 0013 00AB 0013 0055 0013 02FB'),(16,1,1,'REW','0000 006D 0000 0012 0157 00AB 0013 0055 0013 00AB 0013 00AB 0013 00AB 0013 00AB 0013 0055 0013 0055 0013 0055 0013 0055 0013 0055 0013 0055 0013 0055 0013 00AB 0013 0055 0013 0055 0013 0055 0013 02FB'),(17,1,1,'SEVEN','0000 006D 0000 0012 0157 00AB 0013 00AB 0013 00AB 0013 00AB 0013 0055 0013 0055 0013 0055 0013 0055 0013 0055 0013 0055 0013 0055 0013 0055 0013 0055 0013 00AB 0013 0055 0013 0055 0013 00AB 0013 02FB'),(18,1,1,'FAV','0000 006D 0000 0012 0157 00AB 0013 00AA 0013 0055 0013 00AA 0013 0055 0013 00AA 0013 0055 0013 0055 0013 0055 0013 0055 0013 0055 0013 0055 0013 0055 0013 0055 0013 00AA 0013 0055 0013 00AA 0013 02FB'),(19,1,1,'FOUR','0000 006D 0000 0012 0157 00AB 0013 0056 0013 0056 0013 00AB 0013 0056 0013 0056 0013 0056 0013 0056 0013 0056 0013 0056 0013 0056 0013 0056 0013 0056 0013 0056 0013 0056 0013 00AB 0013 00AB 0013 02FB'),(20,1,1,'EXIT','0000 006D 0000 0012 0157 00AB 0013 0055 0013 00AB 0013 0055 0013 0055 0013 00AB 0013 0055 0013 0055 0013 0055 0013 0055 0013 0055 0013 0055 0013 0055 0013 00AB 0013 0055 0013 00AB 0013 00AB 0013 02FB'),(21,1,1,'FF','0000 006D 0000 0012 0157 00AB 0013 00AB 0013 0055 0013 00AB 0013 00AB 0013 00AB 0013 0055 0013 0055 0013 0055 0013 0055 0013 0055 0013 0055 0013 0055 0013 0055 0013 00AB 0013 0055 0013 0055 0013 02FB'),(22,1,1,'DOWN','0000 006D 0000 0012 0157 00AB 0013 00AA 0013 0055 0013 00AA 0013 0055 0013 00AA 0013 00AA 0013 0055 0013 0055 0013 0055 0013 0055 0013 0055 0013 0055 0013 0055 0013 0055 0013 0055 0013 00AA 0013 02FB'),(23,1,1,'B','0000 006F 0012 0002 014E 00AA 0012 00AA 0012 0055 0012 0055 0012 00AA 0012 00AA 0012 00AA 0012 0055 0012 0055 0012 0055 0012 0055 0012 0055 0012 0055 0012 0055 0012 0055 0012 00AA 0012 0055 0012 0482 0153 0055 0012 0482'),(24,1,1,'REPLAY','0000 006D 0012 0002 0157 00AB 0013 0056 0013 0056 0013 00AA 0013 00AA 0013 00AA 0013 00AA 0013 0056 0013 0056 0013 0056 0013 0056 0013 0056 0013 0056 0013 00AA 0013 0056 0013 0056 0013 0056 0013 0499 015 0056 0013 0D12'),(25,1,1,'UP','0000 006D 0000 0012 0157 00AB 0013 0055 0013 0055 0013 00AA 0013 0055 0013 00AA 0013 00AA 0013 0055 0013 0055 0013 0055 0013 0055 0013 0055 0013 0055 0013 00AA 0013 0055 0013 0055 0013 00AA 0013 02FB'),(26,1,1,'ONDEMAND','0000 006F 0012 0002 0154 00AA 0012 0055 0012 00AA 0012 0055 0012 00AA 0012 00AA 0012 0055 0012 0055 0012 0055 0012 0055 0012 0055 0012 0055 0012 0055 0012 00AA 0012 0055 0012 00AA 0012 0055 0012 0482 014D 0055 0012 0482'),(27,1,1,'A','0000 006F 0012 0002 0154 00AA 0012 0055 0012 00AA 0012 00AA 0012 0055 0012 00AA 0012 0055 0012 0055 0012 0055 0012 0055 0012 0055 0012 0055 0012 0055 0012 00AA 0012 0055 0012 0055 0012 00AA 0012 0482 014D 0055 0012 0482'),(28,1,1,'CHUP','0000 006D 0000 0012 0157 00AB 0013 00AB 0013 00AB 0013 0055 0013 00AB 0013 0055 0013 0055 0013 0055 0013 0055 0013 0055 0013 0055 0013 0055 0013 0055 0013 00AB 0013 0055 0013 00AB 0013 0055 0013 02FB'),(29,1,1,'LIVE','0000 006D 0000 0012 0155 00A8 0013 0054 0013 00A8 0013 00A8 0013 00A8 0013 00A8 0013 00A8 0013 0054 0013 0054 0013 0054 0013 0054 0013 0054 0013 0054 0013 00A8 0013 00A8 0013 00A8 0013 00A8 0013 02F4'),(30,1,1,'C','0000 006F 0012 0002 0154 00AA 0012 0055 0012 0055 0012 0055 0012 00AA 0012 00AA 0012 00AA 0012 0055 0012 0055 0012 0055 0012 0055 0012 0055 0012 0055 0012 00AA 0012 0055 0012 00AA 0012 0055 0012 0482 0150 0055 0012 0482'),(31,1,1,'MUTE','0000 006D 0000 0012 0157 00AB 0013 00AB 0013 00AB 0013 00AB 0013 00AB 0013 0055 0013 0055 0013 0055 0013 0055 0013 0055 0013 0055 0013 0055 0013 0055 0013 00AB 0013 0055 0013 0055 0013 0055 0013 02FB'),(32,1,1,'LAST','0000 006D 0000 0012 0157 00AB 0013 00AA 0013 00AA 0013 0056 0013 0056 0013 00AA 0013 0056 0013 0056 0013 0056 0013 0056 0013 0056 0013 0056 0013 0056 0013 0056 0013 0056 0013 00AA 0013 00AA 0013 02FB'),(33,1,1,'ENTER','0000 006D 0000 0012 0157 00AB 0013 0055 0013 0055 0013 0055 0013 0055 0013 00AB 0013 0055 0013 0055 0013 0055 0013 0055 0013 0055 0013 0055 0013 0055 0013 00AB 0013 00AB 0013 00AB 0013 00AB 0013 02FB'),(34,1,1,'INFO','0000 006D 0000 0012 0157 00AB 0013 00AA 0013 00AA 0013 0056 0013 0056 0013 00AA 0013 00AA 0013 0056 0013 0056 0013 0056 0013 0056 0013 0056 0013 0056 0013 0056 0013 00AA 0013 0056 0013 00AA 0013 02FB'),(35,1,1,'THREE','0000 006D 0000 0012 0157 00AB 0013 00AB 0013 00AB 0013 0055 0013 0055 0013 0055 0013 0055 0013 0055 0013 0055 0013 0055 0013 0055 0013 0055 0013 0055 0013 00AB 0013 0055 0013 00AB 0013 00AB 0013 02FB'),(36,1,1,'THUMBDOWN','0000 006D 0012 0002 0156 00AB 0013 00AA 0013 0056 0013 0056 0013 0056 0013 0056 0013 0056 0013 00AA 0013 0056 0013 0056 0013 0056 0013 0056 0013 0056 0013 00AA 0013 00AA 0013 0056 0013 00AA 0013 0498 0156 0056 0013 0D10'),(37,1,1,'MENU','0000 006D 0000 0012 0157 00AB 0013 00AB 0013 0055 0013 0055 0013 00AB 0013 00AB 0013 0055 0013 0055 0013 0055 0013 0055 0013 0055 0013 0055 0013 0055 0013 0055 0013 00AB 0013 00AB 0013 0055 0013 02FB'),(38,1,1,'RIGHT','0000 006D 0000 0012 0157 00AB 0013 00AB 0013 00AB 0013 00AB 0013 0055 0013 00AB 0013 00AB 0013 0055 0013 0055 0013 0055 0013 0055 0013 0055 0013 0055 0013 0055 0013 00AB 0013 00AB 0013 0055 0013 02FB'),(39,1,1,'CHDN','0000 006D 0000 0012 0157 00AB 0013 0056 0013 0056 0013 00AA 0013 00AA 0013 0056 0013 0056 0013 0056 0013 0056 0013 0056 0013 0056 0013 0056 0013 0056 0013 0056 0013 0056 0013 00AA 0013 0056 0013 02FB'),(40,1,1,'PGUP','0000 006D 0000 0012 0157 00AB 0013 0055 0013 00AB 0013 0055 0013 00AB 0013 00AB 0013 00AB 0013 0055 0013 0055 0013 0055 0013 0055 0013 0055 0013 0055 0013 00AB 0013 00AB 0013 0055 0013 0055 0013 02FB'),(41,1,1,'REC','0000 006D 0000 0012 0157 00AB 0013 00AB 0013 0055 0013 0055 0013 0055 0013 00AB 0013 00AB 0013 0055 0013 0055 0013 0055 0013 0055 0013 0055 0013 0055 0013 0055 0013 0055 0013 00AB 0013 00AB 0013 02FB'),(42,1,1,'SELECT','0000 006D 0000 0012 0157 00AB 0013 00AB 0013 0055 0013 0055 0013 0055 0013 00AB 0013 0055 0013 0055 0013 0055 0013 0055 0013 0055 0013 0055 0013 0055 0013 0055 0013 00AB 0013 00AB 0013 00AB 0013 02FB'),(43,1,1,'LEFT','0000 006D 0000 0012 0157 00AB 0013 0055 0013 00AB 0013 00AB 0013 0055 0013 00AB 0013 00AB 0013 0055 0013 0055 0013 0055 0013 0055 0013 0055 0013 0055 0013 00AB 0013 00AB 0013 00AB 0013 0055 0013 02FB'),(44,1,1,'BYPASS','0000 006D 0000 0012 0157 00AB 0013 0055 0013 0055 0013 00AB 0013 0055 0013 00AB 0013 0055 0013 0055 0013 0055 0013 0055 0013 0055 0013 0055 0013 0055 0013 00AB 0013 00AB 0013 0055 0013 00AB 0013 02FB'),(45,1,1,'INSTREPLAY','0000 006D 0012 0002 0157 00AB 0013 0056 0013 0056 0013 00AA 0013 00AA 0013 00AA 0013 00AA 0013 0056 0013 0056 0013 0056 0013 0056 0013 0056 0013 0056 0013 00AA 0013 0056 0013 0056 0013 0056 0013 0499 0156 0056 0013 0D12'),(46,1,1,'PLAY','0000 006D 0000 0012 0157 00AB 0013 0054 0013 0054 0013 0054 0013 00AB 0013 00AB 0013 00AB 0013 0054 0013 0054 0013 0054 0013 0054 0013 0054 0013 0054 0013 00AB 0013 0054 0013 00AB 0013 0054 0013 02FB'),(47,1,1,'PPV','0000 006D 0000 0012 0157 00AB 0013 0055 0013 00AB 0013 00AB 0013 0055 0013 00AB 0013 0055 0013 0055 0013 0055 0013 0055 0013 0055 0013 0055 0013 0055 0013 00AB 0013 0055 0013 0055 0013 00AB 0013 02FB'),(48,1,1,'SWAP','0000 006D 0012 0002 0157 00AC 0013 0056 0013 00AB 0013 00AB 0013 00AB 0013 00AB 0013 00AB 0013 0056 0013 0056 0013 0056 0013 0056 0013 0056 0013 0056 0013 00AB 0013 00AB 0013 00AB 0013 00AB 0013 034A 0157 056 0013 0D1C'),(49,1,1,'PIPSWAP','0000 006F 0012 0002 0154 00AA 0012 00AA 0012 00AA 0012 0055 0012 0055 0012 0055 0012 00AA 0012 0055 0012 0055 0012 0055 0012 0055 0012 0055 0012 0055 0012 00AA 0012 00AA 0012 0055 0012 00AA 0012 042D 014E 0055 0012 042D'),(50,1,1,'ONE','0000 006D 0000 0012 0157 00AB 0013 00AA 0013 0055 0013 0055 0013 0055 0013 0055 0013 0055 0013 0055 0013 0055 0013 0055 0013 0055 0013 0055 0013 0055 0013 00AA 0013 00AA 0013 00AA 0013 00AA 0013 02FB'),(51,1,1,'POWER','0000 006D 0000 0012 0157 00AB 0013 0054 0013 00AB 0013 0054 0013 00AB 0013 0054 0013 0054 0013 0054 0013 0054 0013 0054 0013 0054 0013 0054 0013 0054 0013 0054 0013 00AB 0013 00AB 0013 0054 0013 02FB'),(52,1,1,'PAUSE','0000 006D 0000 0012 0157 00AB 0013 00AB 0013 00AB 0013 00AB 0013 00AB 0013 00AB 0013 0055 0013 0055 0013 0055 0013 0055 0013 0055 0013 0055 0013 0055 0013 0055 0013 0055 0013 0055 0013 0055 0013 02FB'),(53,1,1,'SKIPFWD','0000 006D 0012 0002 0157 00AC 0013 00AB 0013 00AB 0013 00AB 0013 00AB 0013 00AB 0013 00AB 0013 0056 0013 0056 0013 0056 0013 0056 0013 0056 0013 0056 0013 0056 0013 00AB 0013 00AB 0013 00AB 0013 0349 017 0056 0013 0D15'),(54,1,1,'VOLUP','0000 006D 0000 0012 0157 00AB 0013 00AB 0013 0055 0013 00AB 0013 00AB 0013 0055 0013 0055 0013 0055 0013 0055 0013 0055 0013 0055 0013 0055 0013 0055 0013 00AB 0013 00AB 0013 0055 0013 0055 0013 02FB'),(55,3,1,'GUIDE','0000 006D 0000 0012 0008 0023 0008 0041 0009 001C 0009 006B 0009 0032 0009 0031 0009 002C 0008 0067 0009 01EC 0009 0022 0008 003C 0008 001E 0008 001D 0009 0027 0009 0041 0009 001D 0008 001E 0008 0DAC'),(56,3,1,'HELP','0000 006D 0000 0012 0008 0023 0008 0041 0009 001C 0009 006B 0009 0032 0009 0031 0009 002C 0008 0067 0009 01EC 0009 0022 0008 0032 0008 001E 0008 001D 0009 0037 0009 003C 0009 001D 0008 001E 0008 0DAC'),(57,3,1,'EIGHT','0000 006D 0000 0012 0008 0023 0008 0041 0009 001C 0009 006B 0009 0032 0009 0031 0009 002C 0008 0067 0009 01EC 0009 0022 0008 0041 0008 001E 0008 001E 0008 001D 0009 0046 0009 001D 0008 001E 0008 0DAC'),(58,3,1,'STOP','0000 006D 0000 0012 0008 0023 0008 0041 0009 001C 0009 006B 0009 0032 0009 0031 0009 002C 0008 0067 0009 01EC 0009 0022 0008 0056 0008 001E 0008 001E 0008 002C 0009 0022 0009 001D 0008 001E 0008 0DAC'),(59,3,1,'MYDVR','0000 006D 0000 0012 0008 0023 0008 0041 0009 001C 0009 006B 0009 0032 0009 0031 0009 002C 0008 0067 0009 01EC 0009 0022 0008 003C 0008 001E 0008 001D 0009 0037 0009 0031 0009 001D 0008 001E 0008 0DAC'),(60,3,1,'PGDN','0000 006D 0000 0012 0008 0023 0008 0041 0009 001C 0009 006B 0009 0032 0009 0031 0009 002C 0008 0067 0009 01EC 0009 0022 0008 0032 0008 001E 0008 001D 0009 0027 0009 004C 0009 001D 0008 001E 0008 0DAC'),(61,3,1,'VOLDN','0000 006D 0000 0012 0008 0023 0008 0041 0009 001C 0009 006B 0009 0032 0009 0031 0009 002C 0008 0067 0009 01EC 0009 0022 0008 0032 0008 001E 0008 001D 0009 001D 0009 0056 0009 001D 0008 001E 0008 0DAC'),(62,3,1,'TWO','0000 006D 0000 0012 0008 0023 0008 0041 0009 001C 0009 006B 0009 0032 0009 0031 0009 002C 0008 0067 0009 01EC 0009 0022 0008 0060 0008 001E 0008 001E 0008 001D 0009 0027 0009 001D 0008 001E 0008 0DAC'),(63,3,1,'HDZOOM','0000 006D 0000 0012 0008 0023 0008 0041 0009 001C 0009 006B 0009 0032 0009 0031 0009 002C 0008 0067 0009 01EC 0009 0022 0008 0051 0008 001E 0008 001E 0008 0038 0008 001C 0009 001D 0008 001E 0008 0DAC'),(64,3,1,'ZERO','0000 006D 0000 0012 0008 0023 0008 0041 0009 001C 0009 006B 0009 0032 0009 0031 0009 002C 0008 0067 0009 01EC 0009 0022 0008 006B 0009 001D 0008 001E 0008 001E 0008 001C 0009 001D 0008 001E 0008 0DAC'),(65,3,1,'FIVE','0000 006D 0000 0012 0008 0023 0008 0041 0009 001C 0009 006B 0009 0032 0009 0031 0009 002C 0008 0067 0009 01EC 0009 0022 0008 0051 0008 001E 0008 001E 0008 001C 0009 0037 0009 001D 0008 001E 0008 0DAC'),(66,3,1,'SIX','0000 006D 0000 0012 0008 0023 0008 0041 0009 001C 0009 006B 0009 0032 0009 0031 0009 002C 0008 0067 0009 01EC 0009 0022 0008 004C 0008 001E 0008 001E 0008 001D 0009 003B 0009 001D 0008 001E 0008 0DAC'),(67,3,1,'NINE','0000 006D 0000 0012 0008 0023 0008 0041 0009 001C 0009 006B 0009 0032 0009 0031 0009 002C 0008 0067 0009 01EC 0009 0022 0008 003C 0008 001E 0008 001D 0009 001D 0009 004B 0009 001D 0008 001E 0008 0DAC'),(68,3,1,'REW','0000 006D 0000 0012 0008 0023 0008 0041 0009 001C 0009 006B 0009 0032 0009 0031 0009 002C 0008 0067 0009 01EC 0009 0022 0008 004C 0008 001E 0008 001E 0008 002C 0009 002C 0009 001D 0008 001E 0008 0DAC'),(69,3,1,'OK','0000 006D 0000 0012 0008 0023 0008 0041 0009 001C 0009 006B 0009 0032 0009 0031 0009 002C 0008 0067 0009 01EC 0009 0022 0008 0046 0008 001E 0008 001E 0008 0027 0009 0037 0009 001D 0008 001E 0008 0DAC'),(70,3,1,'SEVEN','0000 006D 0000 0012 0008 0023 0008 0041 0009 001C 0009 006B 0009 0032 0009 0031 0009 002C 0008 0067 0009 01EC 0009 0022 0008 0046 0008 001E 0008 001E 0008 001D 0009 0041 0009 001D 0008 001E 0008 0DAC'),(71,3,1,'PIPMOVE','0000 006D 0000 0012 0008 0023 0008 0041 0009 001C 0009 006B 0009 0032 0009 0031 0009 002C 0008 0067 0009 01EC 0009 0022 0008 001E 0008 001D 0008 001D 0009 0037 0009 0050 0009 001D 0008 001E 0008 0DAD'),(72,3,1,'FAV','0000 006D 0000 0012 0008 0023 0008 0041 0009 001C 0009 006B 0009 0032 0009 0031 0009 002C 0008 0067 0009 01EC 0009 0022 0008 0046 0008 001E 0008 001E 0008 0037 0009 0027 0009 001D 0008 001E 0008 0DAC'),(73,3,1,'FOUR','0000 006D 0000 0012 0008 0023 0008 0041 0009 001C 0009 006B 0009 0032 0009 0031 0009 002C 0008 0067 0009 01EC 0009 0022 0008 0056 0008 001E 0008 001E 0008 001D 0009 0031 0009 001D 0008 001E 0008 0DAC'),(74,3,1,'EXIT','0000 006D 0000 0012 0008 0023 0008 0041 0009 001C 0009 006B 0009 0032 0009 0031 0009 002C 0008 0067 0009 01EC 0009 0022 0008 002C 0008 001E 0008 001D 0009 0027 0009 0050 0009 001D 0008 001E 0008 0DAC'),(75,3,1,'FF','0000 006D 0000 0012 0008 0023 0008 0041 0009 001C 0009 006B 0009 0032 0009 0031 0009 002C 0008 0067 0009 01EC 0009 0022 0008 0046 0008 001E 0008 001E 0008 002C 0009 0032 0009 001D 0008 001E 0008 0DAC'),(76,3,1,'PIPCHDN','0000 006D 0000 0012 0008 0023 0008 0041 0009 001C 0009 006B 0009 0032 0009 0031 0009 002C 0008 0067 0009 01EC 0009 0022 0008 0066 0008 001E 0008 001E 0008 0038 0008 005B 0008 001D 0009 001D 0009 0DAC'),(77,3,1,'PIPONOFF','0000 006D 0000 0012 0008 0023 0008 0041 0009 001C 0009 006B 0009 0032 0009 0031 0009 002C 0008 0067 0009 01EC 0009 0022 0008 0027 0008 001E 0008 001D 0009 0037 0009 0046 0009 001D 0008 001E 0008 0DAC'),(78,3,1,'LOCK','0000 006D 0000 0012 0008 0023 0008 0041 0009 001C 0009 006B 0009 0032 0009 0031 0009 002C 0008 0067 0009 01EC 0009 0022 0008 0060 0008 001E 0008 001E 0008 0038 0008 0060 0008 001D 0009 001D 0009 0DAC'),(79,3,1,'DOWN','0000 006D 0000 0012 0008 0023 0008 0041 0009 001C 0009 006B 0009 0032 0009 0031 0009 002C 0008 0067 0009 01EC 0009 0022 0008 0056 0008 001E 0008 001E 0008 0027 0009 0027 0009 001D 0008 001E 0008 0DAC'),(80,3,1,'B','0000 006D 0000 0012 0008 0023 0008 0041 0009 001C 0009 006B 0009 0032 0009 0031 0009 002C 0008 0067 0009 01EC 0009 0022 0008 0046 0008 001E 0008 001E 0008 003C 0009 0022 0009 001D 0008 001E 0008 0DAC'),(81,3,1,'REPLAY','0000 006D 0000 0012 0008 0023 0008 0041 0009 001C 0009 006B 0009 0032 0009 0031 0009 002C 0008 0067 0009 01EC 0009 0022 0008 0041 0008 001E 0008 001E 0008 0037 0009 002C 0009 001D 0008 001E 0008 0DAC'),(82,3,1,'UP','0000 006D 0000 0012 0008 0023 0008 0041 0009 001C 0009 006B 0009 0032 0009 0031 0009 002C 0008 0067 0009 01EC 0009 0022 0008 005B 0008 001E 0008 001E 0008 0027 0009 0022 0009 001D 0008 001E 0008 0DAC'),(83,3,1,'ONDEMAND','0000 006D 0000 0012 0008 0023 0008 0041 0009 001C 0009 006B 0009 0032 0009 0031 0009 002C 0008 0067 0009 01EC 0009 0022 0008 0037 0008 001E 0008 001D 0009 003C 0009 0031 0009 001D 0008 001E 0008 0DAC'),(84,3,1,'A','0000 006D 0000 0012 0008 0023 0008 0041 0009 001C 0009 006B 0009 0032 0009 0031 0009 002C 0008 0067 0009 01EC 0009 0022 0008 004C 0008 001E 0008 001E 0008 003D 0008 001C 0009 001D 0008 001E 0008 0DAC'),(85,3,1,'CHUP','0000 006D 0000 0012 0008 0023 0008 0041 0009 001C 0009 006B 0009 0032 0009 0031 0009 002C 0008 0067 0009 01EC 0009 0022 0008 0027 0008 001E 0008 001D 0009 001D 0008 0060 0009 001D 0008 001E 0008 0DAC'),(86,3,1,'LIVE','0000 006D 0000 0012 0008 0023 0008 0041 0009 001C 0009 006B 0009 0032 0009 0031 0009 002C 0008 0067 0009 01EC 0009 0022 0008 0037 0008 001E 0008 001D 0009 0037 0009 0036 0009 001D 0008 001E 0008 0DAC'),(87,3,1,'C','0000 006D 0000 0012 0008 0023 0008 0041 0009 001C 0009 006B 0009 0032 0009 0031 0009 002C 0008 0067 0009 01EC 0009 0022 0008 0041 0008 001E 0008 001E 0008 003C 0009 0027 0009 001D 0008 001E 0008 0DAC'),(88,3,1,'MUTE','0000 006D 0000 0012 0008 0023 0008 0041 0009 001C 0009 006B 0009 0032 0009 0031 0009 002C 0008 0067 0009 01EC 0009 0022 0008 002C 0008 001E 0008 001D 0009 001D 0008 005B 0009 001D 0008 001E 0008 0DAC'),(89,3,1,'LAST','0000 006D 0000 0012 0008 0023 0008 0041 0009 001C 0009 006B 0009 0032 0009 0031 0009 002C 0008 0067 0009 01EC 0009 0022 0008 004C 0008 001E 0008 001E 0008 0038 0009 0020 0009 001D 0008 001E 0008 0DAC'),(90,3,1,'ENTER','0000 006D 0000 0012 0008 0023 0008 0041 0009 001C 0009 006B 0009 0032 0009 0031 0009 002C 0008 0067 0009 01EC 0009 0022 0008 0046 0008 001E 0008 001E 0008 0027 0009 0037 0009 001D 0008 001E 0008 0DAC'),(91,3,1,'DAYDN','0000 006D 0000 0012 0008 0023 0008 0041 0009 001C 0009 006B 0009 0032 0009 0031 0009 002C 0008 0067 0009 01EC 0009 0022 0008 005B 0008 001E 0008 001E 0008 0038 0008 0066 0008 001D 0009 001D 0009 0DAC'),(92,3,1,'PIPCHUP','0000 006D 0000 0012 0008 0023 0008 0041 0009 001C 0009 006B 0009 0032 0009 0031 0009 002C 0008 0067 0009 01EC 0009 0022 0008 006B 0009 001D 0008 001E 0008 0037 0008 0057 0008 001D 0009 001D 0009 0DAC'),(93,3,1,'LANGUAGE','0000 006D 0000 0012 0008 0023 0008 0041 0009 001C 0009 006B 0009 0032 0009 0031 0009 002C 0008 0067 0009 01EC 0009 0022 0008 0037 0008 001E 0008 001D 0009 0046 0009 0027 0009 001D 0008 001E 0008 0DAC'),(94,3,1,'THREE','0000 006D 0000 0012 0008 0023 0008 0041 0009 001C 0009 006B 0009 0032 0009 0031 0009 002C 0008 0067 0009 01EC 0009 0022 0008 005B 0008 001E 0008 001E 0008 001D 0009 002C 0009 001D 0008 001E 0008 0DAC'),(95,3,1,'INFO','0000 006D 0000 0012 0008 0023 0008 0041 0009 001C 0009 006B 0009 0032 0009 0031 0009 002C 0008 0067 0009 01EC 0009 0022 0008 0041 0008 001E 0008 001E 0008 0027 0009 003C 0009 001D 0008 001E 0008 0DAC'),(96,3,1,'DAYUP','0000 006D 0000 0012 0008 0023 0008 0041 0009 001C 0009 006B 0009 0032 0009 0031 0009 002C 0008 0067 0009 01EC 0009 0022 0008 0056 0008 001E 0008 001E 0008 0038 0008 006B 0008 001D 0009 001D 0009 0DAC'),(97,3,1,'MENU','0000 006D 0000 0012 0008 0023 0008 0041 0009 001C 0009 006B 0009 0032 0009 0031 0009 002C 0008 0067 0009 01EC 0009 0022 0008 0060 0008 001E 0008 001E 0008 0027 0008 001D 0009 001D 0008 001E 0008 0DAC'),(98,3,1,'RIGHT','0000 006D 0000 0012 0008 0023 0008 0041 0009 001C 0009 006B 0009 0032 0009 0031 0009 002C 0008 0067 0009 01EC 0009 0022 0008 004C 0008 001E 0008 001E 0008 0027 0009 0031 0009 001D 0008 001E 0008 0DAC'),(99,3,1,'JUMPBACK','0000 006D 0000 0012 0008 0023 0008 0041 0009 001C 0009 006B 0009 0032 0009 0031 0009 002C 0008 0067 0009 01EC 0009 0022 0008 004C 0008 001E 0008 001E 0008 0038 0009 0020 0009 001D 0008 001E 0008 0DAC'),(100,3,1,'CHDN','0000 006D 0000 0012 0008 0023 0008 0041 0009 001C 0009 006B 0009 0032 0009 0031 0009 002C 0008 0067 0009 01EC 0009 0022 0008 0023 0008 001D 0008 001D 0009 001D 0008 0066 0009 001D 0008 001E 0008 0DAE'),(101,3,1,'SELECT','0000 006D 0000 0012 0008 0023 0008 0041 0009 001C 0009 006B 0009 0032 0009 0031 0009 002C 0008 0067 0009 01EC 0009 0022 0008 0046 0008 001E 0008 001E 0008 0027 0009 0037 0009 001D 0008 001E 0008 0DAC'),(102,3,1,'REC','0000 006D 0000 0012 0008 0023 0008 0041 0009 001C 0009 006B 0009 0032 0009 0031 0009 002C 0008 0067 0009 01EC 0009 0022 0008 0041 0008 001E 0008 001E 0008 002C 0009 0037 0009 001D 0008 001E 0008 0DAC'),(103,3,1,'PGUP','0000 006D 0000 0012 0008 0023 0008 0041 0009 001C 0009 006B 0009 0032 0009 0031 0009 002C 0008 0067 0009 01EC 0009 0022 0008 0037 0008 001E 0008 001D 0009 0027 0009 0046 0009 001D 0008 001E 0008 0DAC'),(104,3,1,'VOLOPT','0000 006D 0000 0012 0008 0023 0008 0041 0009 001C 0009 006B 0009 0032 0009 0031 0009 002C 0008 0067 0009 01EC 0009 0022 0008 0032 0008 001E 0008 001D 0009 0046 0009 002C 0009 001D 0008 001E 0008 0DAC'),(105,3,1,'LEFT','0000 006D 0000 0012 0008 0023 0008 0041 0009 001C 0009 006B 0009 0032 0009 0031 0009 002C 0008 0067 0009 01EC 0009 0022 0008 0051 0008 001E 0008 001E 0008 0027 0009 002C 0009 001D 0008 001E 0008 0DAC'),(106,3,1,'BYPASS','0000 006D 0000 0012 0008 0023 0008 0041 0009 001C 0009 006B 0009 0032 0009 0031 0009 002C 0008 0067 0009 01EC 0009 0022 0008 002C 0008 001E 0008 001D 0009 0037 0009 0042 0009 001D 0008 001E 0008 0DAC'),(107,3,1,'PLAY','0000 006D 0000 0012 0008 0023 0008 0041 0009 001C 0009 006B 0009 0032 0009 0031 0009 002C 0008 0067 0009 01EC 0009 0022 0008 005B 0008 001E 0008 001E 0008 002C 0009 001D 0009 001D 0008 001E 0008 0DAC'),(108,3,1,'PIPSWAP','0000 006D 0000 0012 0008 0023 0008 0041 0009 001C 0009 006B 0009 0032 0009 0031 0009 002C 0008 0067 0009 01EC 0009 0022 0008 0023 0008 001D 0008 001D 0009 0037 0009 004C 0009 001D 0008 001E 0008 0DAF'),(109,3,1,'ONE','0000 006D 0000 0012 0008 0023 0008 0041 0009 001C 0009 006B 0009 0032 0009 0031 0009 002C 0008 0067 0009 01EC 0009 0022 0008 0066 0008 001E 0008 001E 0008 001D 0009 0021 0009 001D 0008 001E 0008 0DAC'),(110,3,1,'D','0000 006D 0000 0012 0008 0023 0008 0041 0009 001C 0009 006B 0009 0032 0009 0031 0009 002C 0008 0067 0009 01EC 0009 0022 0008 003C 0008 001E 0008 001D 0009 003C 0009 002C 0009 001D 0008 001E 0008 0DAC'),(111,3,1,'POWER','0000 006D 0000 0012 0008 0023 0008 0041 0009 001C 0009 006B 0009 0032 0009 0031 0009 002C 0008 0067 0009 01EC 0009 0022 0008 001E 0008 001D 0008 001D 0009 001D 0008 006B 0009 001D 0008 001E 0008 0DAC'),(112,3,1,'PAUSE','0000 006D 0000 0012 0008 0023 0008 0041 0009 001C 0009 006B 0009 0032 0009 0031 0009 002C 0008 0067 0009 01EC 0009 0022 0008 0051 0008 001E 0008 001E 0008 002C 0009 0027 0009 001D 0008 001E 0008 0DAC'),(113,3,1,'VOLUP','0000 006D 0000 0012 0008 0023 0008 0041 0009 001C 0009 006B 0009 0032 0009 0031 0009 002C 0008 0067 0009 01EC 0009 0022 0008 0037 0008 001E 0008 001D 0009 001D 0009 0050 0009 001D 0008 001E 0008 0DAC'),(114,4,1,'NINE','0000 006C 0000 0024 0008 0022 0008 0042 0008 001D 0008 006C 0008 0032 0008 0032 0008 002D 0008 0067 0008 01F0 0008 0022 0008 0067 0008 0048 0008 001D 0008 001D 0008 004D 0008 001D 0008 001D 0008 0C4A 0008 0022 0008 0042 0008 001D 0008 006D 0008 0032 0008 0032 0008 002D 0008 0067 0008 01F0 0008 0022 0008 0067 0008 0048 0008 001D 0008 001D 0008 004D 0008 001D 0008 001D 0008 0C31'),(115,4,1,'CHDN','0000 006E 0000 0024 0008 0022 0008 0041 0008 001D 0008 006A 0008 0031 0008 0031 0008 002C 0008 0065 0008 01E7 0008 0022 0008 004B 0008 0046 0008 001D 0008 001D 0008 0065 0008 001D 0008 001C 0008 0C1B 0008 0022 0008 0041 0008 001D 0008 006A 0008 0031 0008 0031 0008 002C 0008 0065 0008 01E7 0008 0022 0008 004B 0008 0046 0008 001D 0008 001D 0008 0065 0008 001D 0008 001C 0008 0BF6'),(116,4,1,'CHUP','0000 006E 0000 0024 0008 0022 0008 0041 0008 001D 0008 006B 0008 0031 0008 0031 0008 002C 0008 0065 0008 01E8 0008 0022 0008 0051 0008 0046 0008 001D 0008 001D 0008 0060 0008 001D 0008 001D 0008 0C1B 0008 0022 0008 0041 0008 001D 0008 006B 0008 0031 0008 0031 0008 002C 0008 0065 0008 01E8 0008 0022 0008 0051 0008 0046 0008 001D 0008 001D 0008 0060 0008 001D 0008 001D 0008 0BFD'),(117,4,1,'SEVEN','0000 006E 0000 0024 0008 0022 0008 0041 0008 001D 0008 006A 0008 0031 0008 0031 0008 002C 0008 0065 0008 01E7 0008 0022 0008 001D 0008 0046 0008 001D 0008 001D 0008 0041 0008 001D 0008 001D 0008 0C1B 0008 0022 0008 0041 0008 001D 0008 006A 0008 0031 0008 0031 0008 002C 0008 0065 0008 01E7 0008 0022 0008 001D 0008 0046 0008 001D 0008 001D 0008 0041 0008 001D 0008 001C 0008 0BF9'),(118,4,1,'MUTE','0000 006E 0000 0024 0008 0022 0008 0041 0008 001D 0008 006A 0008 0031 0008 0031 0008 002C 0008 0065 0008 01E7 0008 0022 0008 0056 0008 0046 0008 001D 0008 001D 0008 005B 0008 001D 0008 001D 0008 0C1B 0008 0022 0008 0041 0008 001D 0008 006A 0008 0031 0008 0031 0008 002C 0008 0065 0008 01E7 0008 0022 0008 0056 0008 0046 0008 001D 0008 001D 0008 005B 0008 001D 0008 001C 0008 0BFA'),(119,4,1,'EIGHT','0000 006D 0000 0024 0008 0022 0008 0042 0008 001D 0008 006C 0008 0032 0008 0032 0008 002D 0008 0066 0008 01ED 0008 0022 0008 006C 0008 0047 0008 001D 0008 001D 0008 0047 0008 001D 0008 001D 0008 0C4A 0008 0022 0008 0042 0008 001D 0008 006C 0008 0032 0008 0032 0008 002D 0008 0066 0008 01ED 0008 0022 0008 006C 0008 0047 0008 001D 0008 001D 0008 0047 0008 001D 0008 001D 0008 0C1C'),(120,4,1,'LAST','0000 006D 0000 0024 0008 0022 0008 0041 0008 001D 0008 006B 0008 0032 0008 0032 0008 002D 0008 0066 0008 01EB 0008 0022 0008 0022 0008 0047 0008 001D 0008 0037 0008 0022 0008 001D 0008 001D 0008 0C1B 0008 0022 0008 0041 0008 001D 0008 006B 0008 0032 0008 0032 0008 002D 0008 0066 0008 01EB 0008 0022 0008 0022 0008 0047 0008 001D 0008 0037 0008 0022 0008 001D 0008 001D 0008 0C10'),(121,4,1,'FOUR','0000 006E 0000 0024 0008 0022 0008 0041 0008 001D 0008 006B 0008 0031 0008 0031 0008 002C 0008 0065 0008 01E8 0008 0022 0008 002C 0008 0046 0008 001D 0008 001D 0008 0031 0008 001D 0008 001D 0008 0C1B 0008 0022 0008 0041 0008 001D 0008 006B 0008 0031 0008 0031 0008 002C 0008 0065 0008 01E8 0008 0022 0008 002C 0008 0046 0008 001D 0008 001D 0008 0031 0008 001D 0008 001D 0008 0BFC'),(122,4,1,'ENTER','0000 006D 0000 0024 0008 0022 0008 0041 0008 001D 0008 006B 0008 0032 0008 0032 0008 002C 0008 0066 0008 01EA 0008 0022 0008 001D 0008 0047 0008 001D 0008 0027 0008 0037 0008 001D 0008 001D 0008 0C1B 0008 0022 0008 0041 0008 001D 0008 006B 0008 0032 0008 0032 0008 002C 0008 0066 0008 01EA 0008 0022 0008 001D 0008 0047 0008 001D 0008 0027 0008 0037 0008 001D 0008 001D 0008 0C0B'),(123,4,1,'VOLDN','0000 006E 0000 0024 0008 0022 0008 0041 0008 001D 0008 006A 0008 0031 0008 0031 0008 002C 0008 0065 0008 01E7 0008 0022 0008 005B 0008 0046 0008 001D 0008 001D 0008 0056 0008 001D 0008 001C 0008 0C1B 0008 0022 0008 0041 0008 001D 0008 006A 0008 0031 0008 0031 0008 002C 0008 0065 0008 01E7 0008 0022 0008 005B 0008 0046 0008 001D 0008 001D 0008 0056 0008 001D 0008 001D 0008 0BF8'),(124,4,1,'TWO','0000 006E 0000 0024 0008 0022 0008 0041 0008 001D 0008 006A 0008 0031 0008 0031 0008 002C 0008 0065 0008 01E6 0008 0022 0008 0036 0008 0046 0008 001D 0008 001D 0008 0027 0008 001D 0008 001C 0008 0C1B 0008 0022 0008 0041 0008 001D 0008 006A 0008 0031 0008 0031 0008 002C 0008 0065 0008 01E6 0008 0022 0008 0036 0008 0046 0008 001D 0008 001D 0008 0027 0008 001D 0008 001D 0008 0BF3'),(125,4,1,'ONE','0000 006F 0000 0024 0008 0021 0008 0040 0008 001C 0008 0069 0008 0031 0008 0031 0008 002C 0008 0064 0008 01E2 0008 0021 0008 003B 0008 0045 0008 001C 0008 001C 0008 0021 0008 001C 0008 001C 0008 0BEC 0008 0021 0008 0040 0008 001C 0008 0069 0008 0031 0008 0031 0008 002C 0008 0064 0008 01E2 0008 0021 0008 003B 0008 0045 0008 001C 0008 001C 0008 0021 0008 001C 0008 001C 0008 0BD8'),(126,4,1,'POWER','0000 006D 0000 0024 0008 0022 0008 0042 0008 001D 0008 006C 0008 0032 0008 0032 0008 002D 0008 0066 0008 01EC 0008 0022 0008 0047 0008 0047 0008 001D 0008 001D 0008 006C 0008 001D 0008 001D 0008 0C1B 0008 0022 0008 0042 0008 001D 0008 006C 0008 0032 0008 0032 0008 002D 0008 0066 0008 01EC 0008 0022 0008 0047 0008 0047 0008 001D 0008 001D 0008 006C 0008 001D 0008 001D 0008 0C15'),(127,4,1,'LANGUAGE','0000 0070 0000 0024 0008 0021 0008 0040 0008 001C 0008 0069 0008 0031 0008 0031 0008 002B 0008 0064 0008 01E1 0008 0021 0008 005F 0008 0045 0008 001C 0008 0045 0008 0026 0008 001C 0008 001C 0008 0BEC 0008 0021 0008 0040 0008 001C 0008 0069 0008 0031 0008 0031 0008 002B 0008 0064 0008 01E1 0008 0021 0008 005F 0008 0045 0008 001C 0008 0045 0008 0026 0008 001C 0008 001C 0008 0BD2'),(128,4,1,'INFO','0000 0070 0000 0024 0008 0021 0008 0040 0008 001C 0008 0068 0008 0030 0008 0030 0008 002B 0008 0063 0008 01DE 0008 0021 0008 0068 0008 0045 0008 001C 0008 0026 0008 003B 0008 001C 0008 001C 0008 0BEC 0008 0021 0008 0040 0008 001C 0008 0068 0008 0030 0008 0030 0008 002B 0008 0063 0008 01DE 0008 0021 0008 0068 0008 0045 0008 001C 0008 0026 0008 003B 0008 001C 0008 001C 0008 0BC3'),(129,4,1,'THREE','0000 006D 0000 0024 0008 0022 0008 0042 0008 001D 0008 006C 0008 0032 0008 0032 0008 002D 0008 0067 0008 01EE 0008 0022 0008 0032 0008 0047 0008 001D 0008 001D 0008 002D 0008 001D 0008 001D 0008 0C4A 0008 0022 0008 0042 0008 001D 0008 006C 0008 0032 0008 0032 0008 002D 0008 0067 0008 01EE 0008 0022 0008 0032 0008 0047 0008 001D 0008 001D 0008 002D 0008 001D 0008 001D 0008 0C25'),(130,4,1,'VOLUP','0000 006D 0000 0024 0008 0022 0008 0042 0008 001D 0008 006C 0008 0032 0008 0032 0008 002D 0008 0066 0008 01ED 0008 0022 0008 0061 0008 0047 0008 001D 0008 001D 0008 0051 0008 001D 0008 001D 0008 0C4A 0008 0022 0008 0042 0008 001D 0008 006C 0008 0032 0008 0032 0008 002D 0008 0066 0008 01ED 0008 0022 0008 0061 0008 0047 0008 001D 0008 001D 0008 0051 0008 001D 0008 001D 0008 0C1B'),(131,4,1,'FIVE','0000 006E 0000 0024 0008 0022 0008 0041 0008 001D 0008 006B 0008 0031 0008 0031 0008 002C 0008 0065 0008 01E8 0008 0022 0008 0027 0008 0046 0008 001D 0008 001D 0008 0037 0008 001D 0008 001D 0008 0C1B 0008 0022 0008 0041 0008 001D 0008 006B 0008 0031 0008 0031 0008 002C 0008 0065 0008 01E8 0008 0022 0008 0027 0008 0046 0008 001D 0008 001D 0008 0037 0008 001D 0008 001D 0008 0BFE'),(132,4,1,'ZERO','0000 006D 0000 0024 0008 0022 0008 0041 0008 001D 0008 006B 0008 0032 0008 0032 0008 002D 0008 0066 0008 01EA 0008 0022 0008 0041 0008 0047 0008 001D 0008 001D 0008 001D 0008 001D 0008 001D 0008 0C1B 0008 0022 0008 0041 0008 001D 0008 006B 0008 0032 0008 0032 0008 002D 0008 0066 0008 01EB 0008 0022 0008 0041 0008 0047 0008 001D 0008 001D 0008 001D 0008 001D 0008 001D 0008 0C0E'),(133,4,1,'SIX','0000 006D 0000 0024 0008 0022 0008 0042 0008 001D 0008 006C 0008 0032 0008 0032 0008 002D 0008 0066 0008 01ED 0008 0022 0008 0022 0008 0047 0008 001D 0008 001D 0008 003C 0008 001D 0008 001D 0008 0C4A 0008 0022 0008 0042 0008 001D 0008 006C 0008 0032 0008 0032 0008 002D 0008 0066 0008 01ED 0008 0022 0008 0022 0008 0047 0008 001D 0008 001D 0008 003C 0008 001D 0008 001D 0008 0C1B'),(178,6,1,'HDMI','0000 006D 0022 0002 0156 00AC 0015 0016 0016 0016 0015 0017 0015 0016 0016 0016 0016 0016 0015 0016 0016 0016 0016 0040 0016 0041 0015 0041 0016 0040 0016 0041 0015 0041 0015 0041 0016 0041 0015 0016 0016 0016 0016 0040 0016 0016 0016 0016 0015 0016 0016 0016 0015 0017 0015 0041 0016 0040 0016 0016 0016 0040 0016 0041 0015 0041 0016 0040 0016 0041 0015 05EC 0156 0056 0016 0E49'),(179,6,1,'COMPOSITE','0000 006C 0022 0002 0158 00AC 0016 0016 0016 0016 0015 0016 0016 0016 0016 0016 0015 0016 0016 0016 0016 0016 0015 0041 0016 0040 0016 0041 0015 0041 0016 0040 0016 0041 0015 0041 0016 0040 0016 0016 0016 0040 0016 0016 0016 0040 0016 0016 0016 0016 0015 0016 0016 0016 0016 0040 0016 0016 0016 0040 0016 0016 0016 0040 0016 0041 0015 0041 0016 0040 0016 05F2 0158 0056 0016 0E55'),(180,6,1,'COMPONENT','0000 006C 0022 0002 0158 00AC 0016 0016 0016 0016 0015 0016 0016 0016 0016 0016 0015 0016 0016 0015 0016 0016 0015 0041 0016 0040 0016 0041 0015 0041 0016 0040 0016 0041 0015 0041 0016 0040 0016 0016 0016 0016 0015 0016 0016 0041 0015 0016 0016 0016 0016 0016 0015 0016 0016 0041 0015 0041 0016 0040 0016 0016 0016 0040 0016 0041 0015 0041 0016 0040 0016 05F2 0158 0056 0016 0E53'),(181,2,1,'UP','0000 0047 0000 0018 00C0 00BF 0030 0090 0030 0090 0030 0030 0030 0090 0030 0090 0030 0030 0030 0090 0030 0030 0030 0030 0030 0030 0030 0030 0030 0030 0030 0030 0030 0090 0030 0030 0030 0030 0030 0090 0030 0030 0030 0090 0030 0090 0030 0090 0030 0090 0030 047E'),(182,2,1,'GUIDE','0000 0047 0000 0018 00C0 00BF 0030 0090 0030 0090 0030 002F 0030 0090 0030 0090 0030 002F 0030 0090 0030 0090 0030 002F 0030 002F 0030 002F 0030 002F 0030 002F 0030 0090 0030 002F 0030 002F 0030 0090 0030 002F 0030 002F 0030 0090 0030 0090 0030 0090 0030 047E'),(183,2,1,'A','0000 0047 0000 0018 00C0 00BF 0030 0090 0030 0090 0030 002F 0030 0090 0030 0090 0030 0090 0030 0090 0030 0090 0030 0090 0030 002F 0030 0090 0030 002F 0030 002F 0030 0090 0030 002F 0030 002F 0030 002F 0030 002F 0030 002F 0030 002F 0030 0090 0030 002F 0030 047E'),(184,2,1,'CHUP','0000 0047 0000 0018 00C0 00BF 0030 0090 0030 0090 0030 002F 0030 0090 0030 0090 0030 0090 0030 002F 0030 0090 0030 0090 0030 0090 0030 002F 0030 002F 0030 002F 0030 0090 0030 002F 0030 002F 0030 002F 0030 0090 0030 002F 0030 002F 0030 002F 0030 0090 0030 047E'),(185,2,1,'C','0000 0047 0000 0018 00C0 00BF 0030 0090 0030 0090 0030 002F 0030 0090 0030 0090 0030 0090 0030 002F 0030 002F 0030 002F 0030 0090 0030 0090 0030 002F 0030 002F 0030 0090 0030 002F 0030 002F 0030 002F 0030 0090 0030 0090 0030 0090 0030 002F 0030 002F 0030 047E'),(186,2,1,'EIGHT','0000 0047 0000 0018 00C0 00BF 0030 0090 0030 0090 0030 002F 0030 0090 0030 0090 0030 0090 0030 0090 0030 0090 0030 002F 0030 0090 0030 002F 0030 002F 0030 002F 0030 0090 0030 002F 0030 002F 0030 002F 0030 002F 0030 002F 0030 0090 0030 002F 0030 0090 0030 047E'),(187,2,1,'MUTE','0000 0047 0000 0018 00C0 00BF 0030 0090 0030 0090 0030 002F 0030 0090 0030 0090 0030 002F 0030 0090 0030 002F 0030 002F 0030 002F 0030 0090 0030 002F 0030 002F 0030 0090 0030 002F 0030 002F 0030 0090 0030 002F 0030 0090 0030 0090 0030 0090 0030 002F 0030 047E'),(188,2,1,'STOP','0000 0047 0000 0018 00C0 00BF 0030 0091 0030 0091 0030 002F 0030 0091 0030 0091 0030 002F 0030 002F 0030 0091 0030 002F 0030 0091 0030 0091 0030 002F 0030 002F 0030 0091 0030 002F 0030 002F 0030 0091 0030 0091 0030 002F 0030 0091 0030 002F 0030 002F 0030 047E'),(189,2,1,'LAST','0000 0047 0000 0018 00C0 00BF 0030 0090 0030 0090 0030 002F 0030 0090 0030 0090 0030 002F 0030 0090 0030 0090 0030 0090 0030 002F 0030 002F 0030 002F 0030 002F 0030 0090 0030 002F 0030 002F 0030 0090 0030 002F 0030 002F 0030 002F 0030 0090 0030 0090 0030 047E'),(190,2,1,'PGDN','0000 0047 0000 0018 00C0 00BF 0030 0090 0030 0090 0030 002F 0030 0090 0030 0090 0030 0090 0030 0090 0030 0090 0030 002F 0030 0090 0030 0090 0030 002F 0030 002F 0030 0090 0030 002F 0030 002F 0030 002F 0030 002F 0030 002F 0030 0090 0030 002F 0030 002F 0030 047E'),(191,2,1,'ENTER','0000 0047 0000 0018 00C0 00BF 0030 0090 0030 0090 0030 002F 0030 0090 0030 0090 0030 002F 0030 002F 0030 0090 0030 0090 0030 002F 0030 002F 0030 002F 0030 002F 0030 0090 0030 002F 0030 002F 0030 0090 0030 0090 0030 002F 0030 002F 0030 0090 0030 0090 0030 047E'),(192,2,1,'VOLDN','0000 0047 0000 0018 00C0 00BF 0030 0090 0030 0090 0030 0030 0030 0090 0030 0090 0030 0090 0030 0030 0030 0030 0030 0030 0030 0030 0030 0090 0030 0030 0030 0030 0030 0090 0030 0030 0030 0030 0030 0030 0030 0090 0030 0090 0030 0090 0030 0090 0030 0030 0030 047E'),(193,2,1,'PIPCHUP','0000 004B 0000 0018 00BB 00BB 002F 008C 002F 008C 002F 002E 002F 008C 002F 008C 002F 002E 002F 008C 002F 008C 002F 008C 002F 002E 002F 008C 002F 002E 002F 002E 002F 008C 002F 002E 002F 002E 002F 008C 002F 002E 002F 002E 002F 002E 002F 008C 002F 002E 002F 082F'),(194,2,1,'TWO','0000 0047 0000 0018 00C0 00BF 0030 0090 0030 0090 0030 002F 0030 0090 0030 0090 0030 0090 0030 002F 0030 002F 0030 002F 0030 0090 0030 002F 0030 002F 0030 002F 0030 0090 0030 002F 0030 002F 0030 002F 0030 0090 0030 0090 0030 0090 0030 002F 0030 0090 0030 047E'),(195,2,1,'THREE','0000 0047 0000 0018 00C0 00BF 0030 0091 0030 0091 0030 002F 0030 0091 0030 0091 0030 002F 0030 0091 0030 002F 0030 002F 0030 0091 0030 002F 0030 002F 0030 002F 0030 0091 0030 002F 0030 002F 0030 0091 0030 002F 0030 0091 0030 0091 0030 002F 0030 0091 0030 047E'),(196,2,1,'INFO','0000 0047 0000 0018 00C0 00BF 0030 0090 0030 0090 0030 002F 0030 0090 0030 0090 0030 002F 0030 002F 0030 002F 0030 0090 0030 002F 0030 002F 0030 002F 0030 002F 0030 0090 0030 002F 0030 002F 0030 0090 0030 0090 0030 0090 0030 002F 0030 0090 0030 0090 0030 047E'),(197,2,1,'MENU','0000 0049 0000 0018 00C1 00C0 0030 0091 0030 0091 0030 0030 0030 0091 0030 0091 0030 0030 0030 0091 0030 0091 0030 0091 0030 0091 0030 0090 0030 0030 0030 0030 0030 0091 0030 0030 0030 0030 0030 0090 0030 0030 0030 0030 0030 0030 0030 0030 0030 0030 0030 086D'),(198,2,1,'FIVE','0000 0047 0000 0018 00C0 00BF 0030 0090 0030 0090 0030 0030 0030 0090 0030 0090 0030 0030 0030 0030 0030 0090 0030 0030 0030 0090 0030 0030 0030 0030 0030 0030 0030 0090 0030 0030 0030 0030 0030 0090 0030 0090 0030 0030 0030 0090 0030 0030 0030 0090 0030 047E'),(199,2,1,'ZERO','0000 0047 0000 0018 00C0 00BF 0030 0091 0030 0091 0030 002F 0030 0091 0030 0091 0030 0091 0030 002F 0030 002F 0030 0091 0030 0091 0030 002F 0030 002F 0030 002F 0030 0091 0030 002F 0030 002F 0030 002F 0030 0091 0030 0091 0030 002F 0030 002F 0030 0091 0030 047E'),(200,2,1,'SIX','0000 0047 0000 0018 00C0 00BF 0030 0090 0030 0090 0030 002F 0030 0090 0030 0090 0030 0090 0030 002F 0030 0090 0030 002F 0030 0090 0030 002F 0030 002F 0030 002F 0030 0090 0030 002F 0030 002F 0030 002F 0030 0090 0030 002F 0030 0090 0030 002F 0030 0090 0030 047E'),(201,2,1,'RIGHT','0000 0047 0000 0018 00C0 00BF 0030 0090 0030 0090 0030 002F 0030 0090 0030 0090 0030 002F 0030 002F 0030 0090 0030 002F 0030 002F 0030 002F 0030 002F 0030 002F 0030 0090 0030 002F 0030 002F 0030 0090 0030 0090 0030 002F 0030 0090 0030 0090 0030 0090 0030 047E'),(202,2,1,'NINE','0000 0047 0000 0018 00C0 00BF 0030 0091 0030 0091 0030 002F 0030 0091 0030 0091 0030 002F 0030 002F 0030 002F 0030 0091 0030 0091 0030 002F 0030 002F 0030 002F 0030 0091 0030 002F 0030 002F 0030 0091 0030 0091 0030 0091 0030 002F 0030 002F 0030 0091 0030 047E'),(203,2,1,'CHDN','0000 0047 0000 0018 00C0 00BF 0030 0090 0030 0090 0030 002F 0030 0090 0030 0090 0030 002F 0030 0090 0030 0090 0030 0090 0030 0090 0030 002F 0030 002F 0030 002F 0030 0090 0030 002F 0030 002F 0030 0090 0030 002F 0030 002F 0030 002F 0030 002F 0030 0090 0030 047E'),(204,2,1,'SELECT','0000 0047 0000 0018 00C0 00BF 0030 0090 0030 0090 0030 002F 0030 0090 0030 0090 0030 002F 0030 002F 0030 0090 0030 0090 0030 002F 0030 002F 0030 002F 0030 002F 0030 0090 0030 002F 0030 002F 0030 0090 0030 0090 0030 002F 0030 002F 0030 0090 0030 0090 0030 047E'),(205,2,1,'REW','0000 0047 0000 0018 00C0 00BF 0030 0090 0030 0090 0030 002F 0030 0090 0030 0090 0030 0090 0030 002F 0030 002F 0030 0090 0030 002F 0030 0090 0030 002F 0030 002F 0030 0090 0030 002F 0030 002F 0030 002F 0030 0090 0030 0090 0030 002F 0030 0090 0030 002F 0030 047E'),(206,2,1,'REC','0000 0047 0000 0018 00C0 00BF 0030 0091 0030 0091 0030 002F 0030 0091 0030 0091 0030 0091 0030 002F 0030 0091 0030 002F 0030 0091 0030 0091 0030 002F 0030 002F 0030 0091 0030 002F 0030 002F 0030 002F 0030 0091 0030 002F 0030 0091 0030 002F 0030 002F 0030 047E'),(207,2,1,'PGUP','0000 0047 0000 0018 00C0 00BF 0030 0091 0030 0091 0030 002F 0030 0091 0030 0091 0030 002F 0030 0091 0030 0091 0030 002F 0030 0091 0030 0091 0030 002F 0030 002F 0030 0091 0030 002F 0030 002F 0030 0091 0030 002F 0030 002F 0030 0091 0030 002F 0030 002F 0030 047E'),(208,2,1,'PIPMOVE','0000 0049 0000 0018 00C0 00BF 0030 0090 0030 0090 0030 002F 0030 0090 0030 0090 0030 0090 0030 002F 0030 0090 0030 0090 0030 0090 0030 0090 0030 002F 0030 002F 0030 0090 0030 002F 0030 002F 0030 002F 0030 0090 0030 002F 0030 002F 0030 002F 0030 002F 0030 0861'),(209,2,1,'SEVEN','0000 0047 0000 0018 00C0 00BF 0030 0090 0030 0090 0030 002F 0030 0090 0030 0090 0030 002F 0030 0090 0030 0090 0030 002F 0030 0090 0030 002F 0030 002F 0030 002F 0030 0090 0030 002F 0030 002F 0030 0090 0030 002F 0030 002F 0030 0090 0030 002F 0030 0090 0030 047E'),(210,2,1,'LEFT','0000 0047 0000 0018 00C0 00BF 0030 0090 0030 0090 0030 002F 0030 0090 0030 0090 0030 0090 0030 0090 0030 002F 0030 002F 0030 002F 0030 002F 0030 002F 0030 002F 0030 0090 0030 002F 0030 002F 0030 002F 0030 002F 0030 0090 0030 0090 0030 0090 0030 0090 0030 047E'),(211,2,1,'FAV','0000 0049 0000 0018 00BF 00BF 0030 008F 0030 008F 0030 002F 0030 008F 0030 008F 0030 008F 0030 008F 0030 008F 0030 008F 0030 008F 0030 002F 0030 002F 0030 002F 0030 008F 0030 002F 0030 002F 0030 002F 0030 002F 0030 002F 0030 002F 0030 002F 0030 008F 0030 085C'),(212,2,1,'PLAY','0000 0047 0000 0018 00C0 00BF 0030 0090 0030 0090 0030 0030 0030 0090 0030 0090 0030 0090 0030 0090 0030 0030 0030 0030 0030 0090 0030 0090 0030 0030 0030 0030 0030 0090 0030 0030 0030 0030 0030 0030 0030 0030 0030 0090 0030 0090 0030 0030 0030 0030 0030 047E'),(213,2,1,'BYPASS','0000 0047 0000 0018 00C0 00BF 0030 0091 0030 0091 0030 002F 0030 0091 0030 0091 0030 0091 0030 002F 0030 0091 0030 0091 0030 002F 0030 002F 0030 002F 0030 002F 0030 0091 0030 002F 0030 002F 0030 002F 0030 0091 0030 002F 0030 002F 0030 0091 0030 0091 0030 047E'),(214,2,1,'FOUR','0000 0047 0000 0018 00C0 00BF 0030 0091 0030 0091 0030 002F 0030 0091 0030 0091 0030 0091 0030 0091 0030 002F 0030 002F 0030 0091 0030 002F 0030 002F 0030 002F 0030 0091 0030 002F 0030 002F 0030 002F 0030 002F 0030 0091 0030 0091 0030 002F 0030 0091 0030 047E'),(215,2,1,'EXIT','0000 0047 0000 0018 00C0 00BF 0030 0090 0030 0090 0030 002F 0030 0090 0030 0090 0030 002F 0030 002F 0030 0090 0030 0090 0030 002F 0030 0090 0030 002F 0030 002F 0030 0090 0030 002F 0030 002F 0030 0090 0030 0090 0030 002F 0030 002F 0030 0090 0030 002F 0030 047E'),(216,2,1,'PIPSWAP','0000 0049 0000 0018 00C1 00C0 0030 0090 0030 0090 0030 0030 0030 0090 0030 0090 0030 0030 0030 0030 0030 0090 0030 0090 0030 0090 0030 0090 0030 0030 0030 0030 0030 0090 0030 0030 0030 0030 0030 0090 0030 0090 0030 0030 0030 0030 0030 0030 0030 0030 0030 086C'),(217,2,1,'ONE','0000 0047 0000 0018 00C0 00BF 0030 0090 0030 0090 0030 002F 0030 0090 0030 0090 0030 002F 0030 002F 0030 002F 0030 002F 0030 0090 0030 002F 0030 002F 0030 002F 0030 0090 0030 002F 0030 002F 0030 0090 0030 0090 0030 0090 0030 0090 0030 002F 0030 0090 0030 047E'),(218,2,1,'PIPCHDN','0000 0049 0000 0018 00C1 00C0 0030 0090 0030 0090 0030 0030 0030 0090 0030 0090 0030 0090 0030 0090 0030 0090 0030 0090 0030 0090 0030 0090 0030 0030 0030 0030 0030 0090 0030 0030 0030 0030 0030 0030 0030 0030 0030 0030 0030 0030 0030 0030 0030 0030 0030 086B'),(219,2,1,'TV_VCR','0000 0047 0000 0034 0477 00E3 001D 0071 001D 0071 001D 0071 001D 0038 001D 0038 001D 0038 001D 0038 001D 0038 001D 0038 001D 0071 001D 0038 001D 0071 001D 0038 001D 0038 001D 0038 001D 0071 001D 0071 001D 0071 001D 0071 001D 0071 001D 0071 001D 0038 001D 0071 001D 0038 0039 01C8 00CF 00E3 001D 0071 001D 0071 001D 0071 001D 0038 001D 0038 001D 0038 001D 0038 001D 0038 001D 0038 001D 0071 001D 0038 001D 0071 001D 0038 001D 0038 001D 0038 001D 0071 001D 0071 001D 0071 001D 0071 001D 0071 001D 0071 001D 0038 001D 0071 001D 0038 0039 047F'),(220,2,1,'POWER','0000 0047 0000 0018 00C0 00BF 0030 0091 0030 0091 0030 002F 0030 0091 0030 0091 0030 0091 0030 0091 0030 0091 0030 002F 0030 002F 0030 002F 0030 002F 0030 002F 0030 0091 0030 002F 0030 002F 0030 002F 0030 002F 0030 002F 0030 0091 0030 0091 0030 0091 0030 047E'),(221,2,1,'FF','0000 0047 0000 0018 00C0 00BF 0030 0090 0030 0090 0030 0030 0030 0090 0030 0090 0030 0030 0030 0030 0030 0030 0030 0090 0030 0030 0030 0090 0030 0030 0030 0030 0030 0090 0030 0030 0030 0030 0030 0090 0030 0090 0030 0090 0030 0030 0030 0090 0030 0030 0030 047E'),(222,2,1,'PIPONOFF','0000 0049 0000 0018 00C1 00C0 0030 0091 0030 0091 0030 0030 0030 0091 0030 0091 0030 0030 0030 0091 0030 0091 0030 0091 0030 0091 0030 0090 0030 0030 0030 0030 0030 0091 0030 0030 0030 0030 0030 0090 0030 0030 0030 0030 0030 0030 0030 0030 0030 0030 0030 086D'),(223,2,1,'PAUSE','0000 0047 0000 0018 00C0 00BF 0030 0090 0030 0090 0030 002F 0030 0090 0030 0090 0030 0090 0030 002F 0030 0090 0030 002F 0030 002F 0030 002F 0030 002F 0030 002F 0030 0090 0030 002F 0030 002F 0030 002F 0030 0090 0030 002F 0030 0090 0030 0090 0030 0090 0030 047E'),(224,2,1,'SETTINGS','0000 0047 0000 0018 00C0 00BF 0030 0090 0030 0090 0030 0030 0030 0090 0030 0090 0030 0090 0030 0030 0030 0030 0030 0090 0030 0090 0030 0090 0030 0030 0030 0030 0030 0090 0030 0030 0030 0030 0030 0030 0030 0090 0030 0090 0030 0030 0030 0030 0030 0030 0030 047E'),(225,2,1,'DOWN','0000 0047 0000 0018 00C0 00BF 0030 0090 0030 0090 0030 002F 0030 0090 0030 0090 0030 0090 0030 0090 0030 002F 0030 0090 0030 002F 0030 002F 0030 002F 0030 002F 0030 0090 0030 002F 0030 002F 0030 002F 0030 002F 0030 0090 0030 002F 0030 0090 0030 0090 0030 047E'),(226,2,1,'VOLUP','0000 0047 0000 0018 00C0 00BF 0030 0090 0030 0090 0030 002F 0030 0090 0030 0090 0030 002F 0030 002F 0030 002F 0030 002F 0030 002F 0030 0090 0030 002F 0030 002F 0030 0090 0030 002F 0030 002F 0030 0090 0030 0090 0030 0090 0030 0090 0030 0090 0030 002F 0030 047E'),(227,2,1,'B','0000 0047 0000 0018 00C0 00BF 0030 0090 0030 0090 0030 002F 0030 0090 0030 0090 0030 002F 0030 002F 0030 002F 0030 002F 0030 0090 0030 0090 0030 002F 0030 002F 0030 0090 0030 002F 0030 002F 0030 0090 0030 0090 0030 0090 0030 0090 0030 002F 0030 002F 0030 047E'),(228,5,1,'GUIDE','0000 0070 0000 0032 0080 003F 0010 000F 0010 002F 0010 000F 0010 000F 0010 000F 0010 000F 0010 000F 0010 000F 0010 000F 0010 000F 0010 000F 0010 000F 0010 000F 0010 002F 0010 000F 0010 000F 0010 000F 0010 000F 0010 000F 0010 000F 0010 000F 0010 000F 0010 000F 0010 002F 0010 002F 0010 000F 0010 000F 0010 002F 0010 000F 0010 000F 0010 000F 0010 000F 0010 002F 0010 002F 0010 002F 0010 000F 0010 000F 0010 002F 0010 000F 0010 002F 0010 000F 0010 002F 0010 002F 0010 002F 0010 000F 0010 002F 0010 000F 0010 000F 0010 02DC'),(229,5,1,'EIGHT','0000 0070 0000 0032 0080 003F 0010 000F 0010 002F 0010 000F 0010 000F 0010 000F 0010 000F 0010 000F 0010 000F 0010 000F 0010 000F 0010 000F 0010 000F 0010 000F 0010 002F 0010 000F 0010 000F 0010 000F 0010 000F 0010 000F 0010 000F 0010 000F 0010 000F 0010 000F 0010 002F 0010 000F 0010 000F 0010 000F 0010 000F 0010 000F 0010 000F 0010 000F 0010 000F 0010 002F 0010 002F 0010 002F 0010 000F 0010 002F 0010 000F 0010 000F 0010 000F 0010 002F 0010 002F 0010 002F 0010 000F 0010 002F 0010 000F 0010 000F 0010 002F 0010 02DC'),(230,5,1,'STOP','0000 0070 0000 0032 0080 003F 0010 000F 0010 002F 0010 000F 0010 000F 0010 000F 0010 000F 0010 000F 0010 000F 0010 000F 0010 000F 0010 000F 0010 000F 0010 000F 0010 002F 0010 000F 0010 000F 0010 000F 0010 000F 0010 000F 0010 000F 0010 000F 0010 000F 0010 000F 0010 002F 0010 002F 0010 000F 0010 000F 0010 002F 0010 000F 0010 000F 0010 000F 0010 000F 0010 000F 0010 002F 0010 000F 0010 000F 0010 000F 0010 000F 0010 002F 0010 002F 0010 002F 0010 002F 0010 000F 0010 002F 0010 000F 0010 000F 0010 002F 0010 000F 0010 02DC'),(231,5,1,'SKIP','0000 0070 0000 0032 0080 003F 0010 000F 0010 002F 0010 000F 0010 000F 0010 000F 0010 000F 0010 000F 0010 000F 0010 000F 0010 000F 0010 000F 0010 000F 0010 000F 0010 002F 0010 000F 0010 000F 0010 000F 0010 000F 0010 000F 0010 000F 0010 000F 0010 000F 0010 000F 0010 002F 0010 002F 0010 000F 0010 000F 0010 002F 0010 000F 0010 000F 0010 000F 0010 000F 0010 000F 0010 000F 0010 002F 0010 000F 0010 000F 0010 000F 0010 000F 0010 002F 0010 002F 0010 000F 0010 002F 0010 002F 0010 000F 0010 000F 0010 000F 0010 000F 0010 02DC'),(232,5,1,'VOLDN','0000 0070 0000 0032 0080 003F 0010 0010 0010 002F 0010 0010 0010 0010 0010 0010 0010 0010 0010 0010 0010 0010 0010 0010 0010 0010 0010 0010 0010 0010 0010 0010 0010 002F 0010 0010 0010 0010 0010 0010 0010 0010 0010 0010 0010 0010 0010 0010 0010 0010 0010 0010 0010 002F 0010 0010 0010 0010 0010 0010 0010 0010 0010 0010 0010 0010 0010 0010 0010 0010 0010 002F 0010 0010 0010 0010 0010 0010 0010 0010 0010 002F 0010 0010 0010 0010 0010 002F 0010 0010 0010 0010 0010 0010 0010 0010 0010 002F 0010 0010 0010 002F 0010 02DC'),(233,5,1,'TWO','0000 0070 0000 0032 0080 003F 0010 0010 0010 002F 0010 0010 0010 0010 0010 0010 0010 0010 0010 0010 0010 0010 0010 0010 0010 0010 0010 0010 0010 0010 0010 0010 0010 002F 0010 0010 0010 0010 0010 0010 0010 0010 0010 0010 0010 0010 0010 0010 0010 0010 0010 0010 0010 002F 0010 0010 0010 0010 0010 0010 0010 0010 0010 0010 0010 0010 0010 0010 0010 0010 0010 002F 0010 0010 0010 0010 0010 0010 0010 002F 0010 0010 0010 0010 0010 0010 0010 002F 0010 0010 0010 0010 0010 0010 0010 002F 0010 0010 0010 0010 0010 002F 0010 02DC'),(234,5,1,'ZERO','0000 0070 0000 0032 0080 003F 0010 000F 0010 002F 0010 000F 0010 000F 0010 000F 0010 000F 0010 000F 0010 000F 0010 000F 0010 000F 0010 000F 0010 000F 0010 000F 0010 002F 0010 000F 0010 000F 0010 000F 0010 000F 0010 000F 0010 000F 0010 000F 0010 000F 0010 000F 0010 002F 0010 000F 0010 000F 0010 000F 0010 000F 0010 000F 0010 000F 0010 000F 0010 000F 0010 002F 0010 000F 0010 000F 0010 002F 0010 002F 0010 000F 0010 000F 0010 000F 0010 002F 0010 000F 0010 000F 0010 002F 0010 002F 0010 000F 0010 000F 0010 002F 0010 02DC'),(235,5,1,'FIVE','0000 0070 0000 0032 0080 003F 0010 000F 0010 002F 0010 000F 0010 000F 0010 000F 0010 000F 0010 000F 0010 000F 0010 000F 0010 000F 0010 000F 0010 000F 0010 000F 0010 002F 0010 000F 0010 000F 0010 000F 0010 000F 0010 000F 0010 000F 0010 000F 0010 000F 0010 000F 0010 002F 0010 000F 0010 000F 0010 000F 0010 000F 0010 000F 0010 000F 0010 000F 0010 000F 0010 000F 0010 000F 0010 002F 0010 000F 0010 002F 0010 000F 0010 000F 0010 000F 0010 000F 0010 000F 0010 002F 0010 000F 0010 002F 0010 000F 0010 000F 0010 002F 0010 02DC'),(236,5,1,'SIX','0000 0070 0000 0032 0080 003F 0010 000F 0010 002F 0010 000F 0010 000F 0010 000F 0010 000F 0010 000F 0010 000F 0010 000F 0010 000F 0010 000F 0010 000F 0010 000F 0010 002F 0010 000F 0010 000F 0010 000F 0010 000F 0010 000F 0010 000F 0010 000F 0010 000F 0010 000F 0010 002F 0010 000F 0010 000F 0010 000F 0010 000F 0010 000F 0010 000F 0010 000F 0010 000F 0010 002F 0010 000F 0010 002F 0010 000F 0010 002F 0010 000F 0010 000F 0010 000F 0010 002F 0010 000F 0010 002F 0010 000F 0010 002F 0010 000F 0010 000F 0010 002F 0010 02DC'),(237,5,1,'NINE','0000 0070 0000 0032 0080 003F 0010 000F 0010 002F 0010 000F 0010 000F 0010 000F 0010 000F 0010 000F 0010 000F 0010 000F 0010 000F 0010 000F 0010 000F 0010 000F 0010 002F 0010 000F 0010 000F 0010 000F 0010 000F 0010 000F 0010 000F 0010 000F 0010 000F 0010 000F 0010 002F 0010 000F 0010 000F 0010 000F 0010 000F 0010 000F 0010 000F 0010 000F 0010 000F 0010 000F 0010 000F 0010 000F 0010 002F 0010 002F 0010 000F 0010 000F 0010 000F 0010 000F 0010 000F 0010 000F 0010 002F 0010 002F 0010 000F 0010 000F 0010 002F 0010 02DC'),(238,5,1,'LINK','0000 0070 0000 0032 0080 003E 0010 000F 0010 002F 0010 000F 0010 000F 0010 000F 0010 000F 0010 000F 0010 000F 0010 000F 0010 000F 0010 000F 0010 000F 0010 000F 0010 002F 0010 000F 0010 000F 0010 000F 0010 000F 0010 000F 0010 000F 0010 000F 0010 000F 0010 000F 0010 002F 0010 002F 0010 000F 0010 000F 0010 002F 0010 000F 0010 000F 0010 000F 0010 000F 0010 002F 0010 000F 0010 000F 0010 000F 0010 002F 0010 002F 0010 000F 0010 002F 0010 000F 0010 000F 0010 000F 0010 002F 0010 002F 0010 002F 0010 000F 0010 000F 0010 02DD'),(239,5,1,'OK','0000 0070 0000 0032 0080 003F 0010 000F 0010 002F 0010 000F 0010 000F 0010 000F 0010 000F 0010 000F 0010 000F 0010 000F 0010 000F 0010 000F 0010 000F 0010 000F 0010 002F 0010 000F 0010 000F 0010 000F 0010 000F 0010 000F 0010 000F 0010 000F 0010 000F 0010 000F 0010 002F 0010 000F 0010 000F 0010 000F 0010 000F 0010 000F 0010 000F 0010 000F 0010 000F 0010 002F 0010 000F 0010 000F 0010 002F 0010 000F 0010 000F 0010 002F 0010 000F 0010 002F 0010 000F 0010 000F 0010 002F 0010 000F 0010 000F 0010 002F 0010 002F 0010 02DD'),(240,5,1,'REW','0000 0070 0000 0032 0080 003F 0010 000F 0010 002F 0010 000F 0010 000F 0010 000F 0010 000F 0010 000F 0010 000F 0010 000F 0010 000F 0010 000F 0010 000F 0010 000F 0010 002F 0010 000F 0010 000F 0010 000F 0010 000F 0010 000F 0010 000F 0010 000F 0010 000F 0010 000F 0010 002F 0010 002F 0010 000F 0010 000F 0010 002F 0010 000F 0010 000F 0010 000F 0010 000F 0010 000F 0010 000F 0010 002F 0010 000F 0010 000F 0010 000F 0010 002F 0010 002F 0010 002F 0010 000F 0010 002F 0010 002F 0010 000F 0010 000F 0010 002F 0010 000F 0010 02DC'),(241,5,1,'SEVEN','0000 0070 0000 0032 0080 003F 0010 000F 0010 002F 0010 000F 0010 000F 0010 000F 0010 000F 0010 000F 0010 000F 0010 000F 0010 000F 0010 000F 0010 000F 0010 000F 0010 002F 0010 000F 0010 000F 0010 000F 0010 000F 0010 000F 0010 000F 0010 000F 0010 000F 0010 000F 0010 002F 0010 000F 0010 000F 0010 000F 0010 000F 0010 000F 0010 000F 0010 000F 0010 000F 0010 000F 0010 002F 0010 002F 0010 000F 0010 002F 0010 000F 0010 000F 0010 000F 0010 000F 0010 002F 0010 002F 0010 000F 0010 002F 0010 000F 0010 000F 0010 002F 0010 02DC'),(242,5,1,'FAV','0000 0070 0000 0032 0080 003F 0010 000F 0010 002F 0010 000F 0010 000F 0010 000F 0010 000F 0010 000F 0010 000F 0010 000F 0010 000F 0010 000F 0010 000F 0010 000F 0010 002F 0010 000F 0010 000F 0010 000F 0010 000F 0010 000F 0010 000F 0010 000F 0010 000F 0010 000F 0010 002F 0010 002F 0010 000F 0010 000F 0010 002F 0010 000F 0010 000F 0010 000F 0010 000F 0010 000F 0010 002F 0010 002F 0010 002F 0010 000F 0010 002F 0010 000F 0010 002F 0010 002F 0010 002F 0010 002F 0010 000F 0010 000F 0010 002F 0010 000F 0010 000F 0010 02DC'),(243,5,1,'FOUR','0000 0070 0000 0032 0080 003F 0010 000F 0010 002F 0010 000F 0010 000F 0010 000F 0010 000F 0010 000F 0010 000F 0010 000F 0010 000F 0010 000F 0010 000F 0010 000F 0010 002F 0010 000F 0010 000F 0010 000F 0010 000F 0010 000F 0010 000F 0010 000F 0010 000F 0010 000F 0010 002F 0010 000F 0010 000F 0010 000F 0010 000F 0010 000F 0010 000F 0010 000F 0010 000F 0010 002F 0010 002F 0010 000F 0010 000F 0010 002F 0010 000F 0010 000F 0010 000F 0010 002F 0010 002F 0010 000F 0010 000F 0010 002F 0010 000F 0010 000F 0010 002F 0010 02DC'),(244,5,1,'EXIT','0000 0070 0000 0032 0080 003F 0010 0010 0010 002F 0010 0010 0010 0010 0010 0010 0010 0010 0010 0010 0010 0010 0010 0010 0010 0010 0010 0010 0010 0010 0010 0010 0010 002F 0010 0010 0010 0010 0010 0010 0010 0010 0010 0010 0010 0010 0010 0010 0010 0010 0010 0010 0010 002F 0010 002F 0010 0010 0010 0010 0010 002F 0010 0010 0010 0010 0010 0010 0010 0010 0010 0010 0010 002F 0010 0010 0010 002F 0010 002F 0010 0010 0010 0010 0010 002F 0010 002F 0010 002F 0010 0010 0010 0010 0010 002F 0010 0010 0010 0010 0010 0010 0010 02DC'),(245,5,1,'TVMENU','0000 0070 0000 0032 0080 003F 0010 000F 0010 002F 0010 000F 0010 000F 0010 000F 0010 000F 0010 000F 0010 000F 0010 000F 0010 000F 0010 000F 0010 000F 0010 000F 0010 002F 0010 000F 0010 000F 0010 000F 0010 000F 0010 000F 0010 000F 0010 000F 0010 000F 0010 000F 0010 002F 0010 000F 0010 000F 0010 000F 0010 000F 0010 000F 0010 000F 0010 000F 0010 000F 0010 000F 0010 002F 0010 000F 0010 000F 0010 002F 0010 000F 0010 002F 0010 000F 0010 000F 0010 002F 0010 000F 0010 000F 0010 002F 0010 000F 0010 002F 0010 002F 0010 02DD'),(246,5,1,'FF','0000 0070 0000 0032 0080 003F 0010 000F 0010 002F 0010 000F 0010 000F 0010 000F 0010 000F 0010 000F 0010 000F 0010 000F 0010 000F 0010 000F 0010 000F 0010 000F 0010 002F 0010 000F 0010 000F 0010 000F 0010 000F 0010 000F 0010 000F 0010 000F 0010 000F 0010 000F 0010 002F 0010 002F 0010 000F 0010 000F 0010 002F 0010 000F 0010 000F 0010 000F 0010 000F 0010 002F 0010 002F 0010 000F 0010 000F 0010 000F 0010 000F 0010 002F 0010 002F 0010 000F 0010 002F 0010 000F 0010 002F 0010 000F 0010 000F 0010 002F 0010 000F 0010 02DC'),(247,5,1,'DOWN','0000 0070 0000 0032 0080 003F 0010 000F 0010 002F 0010 000F 0010 000F 0010 000F 0010 000F 0010 000F 0010 000F 0010 000F 0010 000F 0010 000F 0010 000F 0010 000F 0010 002F 0010 000F 0010 000F 0010 000F 0010 000F 0010 000F 0010 000F 0010 000F 0010 000F 0010 000F 0010 002F 0010 000F 0010 000F 0010 000F 0010 000F 0010 000F 0010 000F 0010 000F 0010 000F 0010 002F 0010 002F 0010 000F 0010 002F 0010 000F 0010 000F 0010 002F 0010 000F 0010 002F 0010 002F 0010 000F 0010 002F 0010 000F 0010 000F 0010 002F 0010 002F 0010 02DC'),(248,5,1,'B','0000 0070 0000 0032 0080 003F 0010 0010 0010 002F 0010 0010 0010 0010 0010 0010 0010 0010 0010 0010 0010 0010 0010 0010 0010 0010 0010 0010 0010 0010 0010 0010 0010 002F 0010 0010 0010 0010 0010 0010 0010 0010 0010 0010 0010 0010 0010 0010 0010 0010 0010 0010 0010 002F 0010 0010 0010 0010 0010 0010 0010 0010 0010 0010 0010 0010 0010 0010 0010 0010 0010 002F 0010 002F 0010 0010 0010 0010 0010 002F 0010 002F 0010 002F 0010 0010 0010 002F 0010 002F 0010 0010 0010 0010 0010 002F 0010 002F 0010 002F 0010 002F 0010 02DC'),(249,5,1,'UP','0000 0070 0000 0032 0080 003F 0010 000F 0010 002F 0010 000F 0010 000F 0010 000F 0010 000F 0010 000F 0010 000F 0010 000F 0010 000F 0010 000F 0010 000F 0010 000F 0010 002F 0010 000F 0010 000F 0010 000F 0010 000F 0010 000F 0010 000F 0010 000F 0010 000F 0010 000F 0010 002F 0010 000F 0010 000F 0010 000F 0010 000F 0010 000F 0010 000F 0010 000F 0010 000F 0010 000F 0010 002F 0010 000F 0010 002F 0010 000F 0010 000F 0010 002F 0010 000F 0010 000F 0010 002F 0010 000F 0010 002F 0010 000F 0010 000F 0010 002F 0010 002F 0010 02DC'),(250,5,1,'ONDEMAND','0000 0070 0000 0032 0080 003F 0010 0010 0010 002F 0010 0010 0010 0010 0010 0010 0010 0010 0010 0010 0010 0010 0010 0010 0010 0010 0010 0010 0010 0010 0010 0010 0010 002F 0010 0010 0010 0010 0010 0010 0010 0010 0010 0010 0010 0010 0010 0010 0010 0010 0010 0010 0010 002F 0010 002F 0010 0010 0010 0010 0010 002F 0010 0010 0010 0010 0010 0010 0010 0010 0010 002F 0010 0010 0010 0010 0010 0010 0010 002F 0010 0010 0010 002F 0010 002F 0010 0010 0010 0010 0010 0010 0010 002F 0010 002F 0010 0010 0010 002F 0010 0010 0010 02DC'),(251,5,1,'A','0000 0070 0000 0032 0080 003F 0010 000F 0010 002F 0010 000F 0010 000F 0010 000F 0010 000F 0010 000F 0010 000F 0010 000F 0010 000F 0010 000F 0010 000F 0010 000F 0010 002F 0010 000F 0010 000F 0010 000F 0010 000F 0010 000F 0010 000F 0010 000F 0010 000F 0010 000F 0010 002F 0010 000F 0010 000F 0010 000F 0010 000F 0010 000F 0010 000F 0010 000F 0010 000F 0010 000F 0010 002F 0010 000F 0010 000F 0010 002F 0010 002F 0010 002F 0010 000F 0010 000F 0010 002F 0010 000F 0010 000F 0010 002F 0010 002F 0010 002F 0010 002F 0010 02DC'),(252,5,1,'CHUP','0000 0070 0000 0032 0080 003E 0010 000F 0010 002F 0010 000F 0010 000F 0010 000F 0010 000F 0010 000F 0010 000F 0010 000F 0010 000F 0010 000F 0010 000F 0010 000F 0010 002F 0010 000F 0010 000F 0010 000F 0010 000F 0010 000F 0010 000F 0010 000F 0010 000F 0010 000F 0010 002F 0010 000F 0010 000F 0010 000F 0010 000F 0010 000F 0010 000F 0010 000F 0010 000F 0010 000F 0010 000F 0010 002F 0010 000F 0010 002F 0010 002F 0010 000F 0010 000F 0010 000F 0010 000F 0010 002F 0010 000F 0010 002F 0010 002F 0010 000F 0010 002F 0010 02DD'),(253,5,1,'TVVIDEO','0000 0070 0000 0032 0080 003F 0010 000F 0010 002F 0010 000F 0010 000F 0010 000F 0010 000F 0010 000F 0010 000F 0010 000F 0010 000F 0010 000F 0010 000F 0010 000F 0010 002F 0010 000F 0010 000F 0010 000F 0010 000F 0010 000F 0010 000F 0010 000F 0010 000F 0010 000F 0010 002F 0010 000F 0010 000F 0010 000F 0010 000F 0010 000F 0010 000F 0010 000F 0010 000F 0010 002F 0010 000F 0010 002F 0010 000F 0010 000F 0010 000F 0010 000F 0010 000F 0010 002F 0010 000F 0010 002F 0010 000F 0010 000F 0010 000F 0010 000F 0010 002F 0010 02DD'),(254,5,1,'C','0000 0070 0000 0032 0080 003F 0010 000F 0010 002F 0010 000F 0010 000F 0010 000F 0010 000F 0010 000F 0010 000F 0010 000F 0010 000F 0010 000F 0010 000F 0010 000F 0010 002F 0010 000F 0010 000F 0010 000F 0010 000F 0010 000F 0010 000F 0010 000F 0010 000F 0010 000F 0010 002F 0010 000F 0010 000F 0010 000F 0010 000F 0010 000F 0010 000F 0010 000F 0010 000F 0010 000F 0010 000F 0010 000F 0010 000F 0010 002F 0010 002F 0010 002F 0010 000F 0010 000F 0010 000F 0010 000F 0010 000F 0010 002F 0010 002F 0010 002F 0010 002F 0010 02DC'),(255,5,1,'RETURN','0000 0070 0000 0032 0080 003F 0010 000F 0010 002F 0010 000F 0010 000F 0010 000F 0010 000F 0010 000F 0010 000F 0010 000F 0010 000F 0010 000F 0010 000F 0010 000F 0010 002F 0010 000F 0010 000F 0010 000F 0010 000F 0010 000F 0010 000F 0010 000F 0010 000F 0010 000F 0010 002F 0010 000F 0010 000F 0010 000F 0010 000F 0010 000F 0010 000F 0010 000F 0010 000F 0010 000F 0010 000F 0010 002F 0010 000F 0010 002F 0010 000F 0010 002F 0010 002F 0010 000F 0010 000F 0010 002F 0010 000F 0010 002F 0010 000F 0010 002F 0010 000F 0010 02DD'),(256,5,1,'MUTE','0000 0070 0000 0032 0080 003F 0010 0010 0010 002F 0010 0010 0010 0010 0010 0010 0010 0010 0010 0010 0010 0010 0010 0010 0010 0010 0010 0010 0010 0010 0010 0010 0010 002F 0010 0010 0010 0010 0010 0010 0010 0010 0010 0010 0010 0010 0010 0010 0010 0010 0010 0010 0010 002F 0010 0010 0010 0010 0010 0010 0010 0010 0010 0010 0010 0010 0010 0010 0010 0010 0010 0010 0010 002F 0010 0010 0010 0010 0010 002F 0010 002F 0010 0010 0010 0010 0010 0010 0010 002F 0010 0010 0010 0010 0010 002F 0010 002F 0010 0010 0010 002F 0010 02DC'),(257,5,1,'SDHC','0000 0070 0000 0032 0080 003F 0010 0010 0010 002F 0010 0010 0010 0010 0010 0010 0010 0010 0010 0010 0010 0010 0010 0010 0010 0010 0010 0010 0010 0010 0010 0010 0010 002F 0010 0010 0010 0010 0010 0010 0010 0010 0010 0010 0010 0010 0010 0010 0010 0010 0010 0010 0010 002F 0010 002F 0010 0010 0010 0010 0010 002F 0010 0010 0010 0010 0010 0010 0010 0010 0010 002F 0010 002F 0010 0010 0010 002F 0010 0010 0010 002F 0010 0010 0010 002F 0010 0010 0010 002F 0010 0010 0010 0010 0010 0010 0010 002F 0010 0010 0010 0010 0010 02DD'),(258,5,1,'LAST','0000 0070 0000 0032 0080 003F 0010 000F 0010 002F 0010 000F 0010 000F 0010 000F 0010 000F 0010 000F 0010 000F 0010 000F 0010 000F 0010 000F 0010 000F 0010 000F 0010 002F 0010 000F 0010 000F 0010 000F 0010 000F 0010 000F 0010 000F 0010 000F 0010 000F 0010 000F 0010 002F 0010 000F 0010 000F 0010 000F 0010 000F 0010 000F 0010 000F 0010 000F 0010 000F 0010 002F 0010 002F 0010 002F 0010 000F 0010 002F 0010 002F 0010 000F 0010 000F 0010 002F 0010 002F 0010 002F 0010 000F 0010 002F 0010 002F 0010 000F 0010 002F 0010 02DC'),(259,5,1,'SAP','0000 0070 0000 0032 0080 003F 0010 000F 0010 002F 0010 000F 0010 000F 0010 000F 0010 000F 0010 000F 0010 000F 0010 000F 0010 000F 0010 000F 0010 000F 0010 000F 0010 002F 0010 000F 0010 000F 0010 000F 0010 000F 0010 000F 0010 000F 0010 000F 0010 000F 0010 000F 0010 002F 0010 000F 0010 000F 0010 000F 0010 000F 0010 000F 0010 000F 0010 000F 0010 000F 0010 002F 0010 002F 0010 000F 0010 000F 0010 002F 0010 002F 0010 000F 0010 000F 0010 002F 0010 002F 0010 000F 0010 000F 0010 002F 0010 002F 0010 000F 0010 002F 0010 02DC'),(260,5,1,'INFO','0000 0070 0000 0032 0080 003F 0010 000F 0010 002F 0010 000F 0010 000F 0010 000F 0010 000F 0010 000F 0010 000F 0010 000F 0010 000F 0010 000F 0010 000F 0010 000F 0010 002F 0010 000F 0010 000F 0010 000F 0010 000F 0010 000F 0010 000F 0010 000F 0010 000F 0010 000F 0010 002F 0010 000F 0010 000F 0010 000F 0010 000F 0010 000F 0010 000F 0010 000F 0010 000F 0010 002F 0010 000F 0010 000F 0010 002F 0010 002F 0010 002F 0010 000F 0010 000F 0010 002F 0010 000F 0010 000F 0010 002F 0010 002F 0010 002F 0010 000F 0010 002F 0010 02DC'),(261,5,1,'THREE','0000 0070 0000 0032 0080 003F 0010 000F 0010 002F 0010 000F 0010 000F 0010 000F 0010 000F 0010 000F 0010 000F 0010 000F 0010 000F 0010 000F 0010 000F 0010 000F 0010 002F 0010 000F 0010 000F 0010 000F 0010 000F 0010 000F 0010 000F 0010 000F 0010 000F 0010 000F 0010 002F 0010 000F 0010 000F 0010 000F 0010 000F 0010 000F 0010 000F 0010 000F 0010 000F 0010 000F 0010 002F 0010 000F 0010 000F 0010 002F 0010 000F 0010 000F 0010 000F 0010 000F 0010 002F 0010 000F 0010 000F 0010 002F 0010 000F 0010 000F 0010 002F 0010 02DC'),(262,5,1,'MENU','0000 0070 0000 0032 0080 003F 0010 0010 0010 002F 0010 0010 0010 0010 0010 0010 0010 0010 0010 0010 0010 0010 0010 0010 0010 0010 0010 0010 0010 0010 0010 0010 0010 002F 0010 0010 0010 0010 0010 0010 0010 0010 0010 0010 0010 0010 0010 0010 0010 0010 0010 0010 0010 002F 0010 002F 0010 0010 0010 0010 0010 002F 0010 0010 0010 0010 0010 0010 0010 0010 0010 0010 0010 002F 0010 0010 0010 0010 0010 002F 0010 0010 0010 002F 0010 002F 0010 002F 0010 002F 0010 0010 0010 002F 0010 002F 0010 0010 0010 002F 0010 0010 0010 02DD'),(263,5,1,'RIGHT','0000 0070 0000 0032 0080 003F 0010 000F 0010 002F 0010 000F 0010 000F 0010 000F 0010 000F 0010 000F 0010 000F 0010 000F 0010 000F 0010 000F 0010 000F 0010 000F 0010 002F 0010 000F 0010 000F 0010 000F 0010 000F 0010 000F 0010 000F 0010 000F 0010 000F 0010 000F 0010 002F 0010 000F 0010 000F 0010 000F 0010 000F 0010 000F 0010 000F 0010 000F 0010 000F 0010 002F 0010 002F 0010 002F 0010 002F 0010 000F 0010 000F 0010 002F 0010 000F 0010 002F 0010 002F 0010 002F 0010 002F 0010 000F 0010 000F 0010 002F 0010 002F 0010 02DC'),(264,5,1,'CHDN','0000 0070 0000 0032 0080 003F 0010 000F 0010 002F 0010 000F 0010 000F 0010 000F 0010 000F 0010 000F 0010 000F 0010 000F 0010 000F 0010 000F 0010 000F 0010 000F 0010 002F 0010 000F 0010 000F 0010 000F 0010 000F 0010 000F 0010 000F 0010 000F 0010 000F 0010 000F 0010 002F 0010 000F 0010 000F 0010 000F 0010 000F 0010 000F 0010 000F 0010 000F 0010 000F 0010 002F 0010 000F 0010 002F 0010 000F 0010 002F 0010 002F 0010 000F 0010 000F 0010 002F 0010 000F 0010 002F 0010 000F 0010 002F 0010 002F 0010 000F 0010 002F 0010 02DD'),(265,5,1,'REC','0000 0070 0000 0032 0080 003F 0010 000F 0010 002F 0010 000F 0010 000F 0010 000F 0010 000F 0010 000F 0010 000F 0010 000F 0010 000F 0010 000F 0010 000F 0010 000F 0010 002F 0010 000F 0010 000F 0010 000F 0010 000F 0010 000F 0010 000F 0010 000F 0010 000F 0010 000F 0010 002F 0010 002F 0010 000F 0010 000F 0010 002F 0010 000F 0010 000F 0010 000F 0010 000F 0010 002F 0010 000F 0010 002F 0010 000F 0010 000F 0010 000F 0010 002F 0010 002F 0010 000F 0010 000F 0010 002F 0010 002F 0010 000F 0010 000F 0010 002F 0010 000F 0010 02DC'),(266,5,1,'SELECT','0000 0070 0000 0032 0080 003F 0010 000F 0010 002F 0010 000F 0010 000F 0010 000F 0010 000F 0010 000F 0010 000F 0010 000F 0010 000F 0010 000F 0010 000F 0010 000F 0010 002F 0010 000F 0010 000F 0010 000F 0010 000F 0010 000F 0010 000F 0010 000F 0010 000F 0010 000F 0010 002F 0010 000F 0010 000F 0010 000F 0010 000F 0010 000F 0010 000F 0010 000F 0010 000F 0010 002F 0010 000F 0010 000F 0010 002F 0010 000F 0010 000F 0010 002F 0010 000F 0010 002F 0010 000F 0010 000F 0010 002F 0010 000F 0010 000F 0010 002F 0010 002F 0010 02DD'),(267,5,1,'DASH','0000 0070 0000 0032 0080 003F 0010 000F 0010 002F 0010 000F 0010 000F 0010 000F 0010 000F 0010 000F 0010 000F 0010 000F 0010 000F 0010 000F 0010 000F 0010 000F 0010 002F 0010 000F 0010 000F 0010 000F 0010 000F 0010 000F 0010 000F 0010 000F 0010 000F 0010 000F 0010 002F 0010 002F 0010 000F 0010 000F 0010 002F 0010 000F 0010 000F 0010 000F 0010 000F 0010 000F 0010 000F 0010 000F 0010 000F 0010 002F 0010 000F 0010 002F 0010 002F 0010 002F 0010 000F 0010 000F 0010 002F 0010 002F 0010 000F 0010 002F 0010 000F 0010 02DC'),(268,5,1,'LEFT','0000 0070 0000 0032 0080 003F 0010 000F 0010 002F 0010 000F 0010 000F 0010 000F 0010 000F 0010 000F 0010 000F 0010 000F 0010 000F 0010 000F 0010 000F 0010 000F 0010 002F 0010 000F 0010 000F 0010 000F 0010 000F 0010 000F 0010 000F 0010 000F 0010 000F 0010 000F 0010 002F 0010 000F 0010 000F 0010 000F 0010 000F 0010 000F 0010 000F 0010 000F 0010 000F 0010 000F 0010 002F 0010 002F 0010 002F 0010 000F 0010 000F 0010 002F 0010 000F 0010 000F 0010 002F 0010 002F 0010 002F 0010 000F 0010 000F 0010 002F 0010 002F 0010 02DC'),(269,5,1,'PLAY','0000 0070 0000 0032 0080 003F 0010 000F 0010 002F 0010 000F 0010 000F 0010 000F 0010 000F 0010 000F 0010 000F 0010 000F 0010 000F 0010 000F 0010 000F 0010 000F 0010 002F 0010 000F 0010 000F 0010 000F 0010 000F 0010 000F 0010 000F 0010 000F 0010 000F 0010 000F 0010 002F 0010 002F 0010 000F 0010 000F 0010 002F 0010 000F 0010 000F 0010 000F 0010 000F 0010 000F 0010 000F 0010 000F 0010 000F 0010 000F 0010 000F 0010 002F 0010 002F 0010 002F 0010 000F 0010 000F 0010 002F 0010 000F 0010 000F 0010 002F 0010 000F 0010 02DC'),(270,5,1,'FORMAT','0000 0070 0000 0032 0080 003F 0010 000F 0010 002F 0010 000F 0010 000F 0010 000F 0010 000F 0010 000F 0010 000F 0010 000F 0010 000F 0010 000F 0010 000F 0010 000F 0010 002F 0010 000F 0010 000F 0010 000F 0010 000F 0010 000F 0010 000F 0010 000F 0010 000F 0010 000F 0010 002F 0010 000F 0010 000F 0010 002F 0010 000F 0010 000F 0010 000F 0010 000F 0010 000F 0010 000F 0010 002F 0010 002F 0010 002F 0010 002F 0010 000F 0010 002F 0010 002F 0010 000F 0010 002F 0010 000F 0010 002F 0010 002F 0010 000F 0010 002F 0010 000F 0010 02DC'),(271,5,1,'ONE','0000 0070 0000 0032 0080 003F 0010 000F 0010 002F 0010 000F 0010 000F 0010 000F 0010 000F 0010 000F 0010 000F 0010 000F 0010 000F 0010 000F 0010 000F 0010 000F 0010 002F 0010 000F 0010 000F 0010 000F 0010 000F 0010 000F 0010 000F 0010 000F 0010 000F 0010 000F 0010 002F 0010 000F 0010 000F 0010 000F 0010 000F 0010 000F 0010 000F 0010 000F 0010 000F 0010 000F 0010 000F 0010 000F 0010 000F 0010 002F 0010 000F 0010 000F 0010 000F 0010 000F 0010 000F 0010 000F 0010 000F 0010 002F 0010 000F 0010 000F 0010 002F 0010 02DC'),(272,5,1,'D','0000 0070 0000 0032 0080 003F 0010 000F 0010 002F 0010 000F 0010 000F 0010 000F 0010 000F 0010 000F 0010 000F 0010 000F 0010 000F 0010 000F 0010 000F 0010 000F 0010 002F 0010 000F 0010 000F 0010 000F 0010 000F 0010 000F 0010 000F 0010 000F 0010 000F 0010 000F 0010 002F 0010 000F 0010 000F 0010 000F 0010 000F 0010 000F 0010 000F 0010 000F 0010 000F 0010 002F 0010 000F 0010 000F 0010 000F 0010 002F 0010 002F 0010 002F 0010 000F 0010 002F 0010 000F 0010 000F 0010 000F 0010 002F 0010 002F 0010 002F 0010 002F 0010 02DC'),(273,5,1,'POWER','0000 0070 0000 0032 0080 003E 0010 000F 0010 002F 0010 000F 0010 000F 0010 000F 0010 000F 0010 000F 0010 000F 0010 000F 0010 000F 0010 000F 0010 000F 0010 000F 0010 002F 0010 000F 0010 000F 0010 000F 0010 000F 0010 000F 0010 000F 0010 000F 0010 000F 0010 000F 0010 002F 0010 000F 0010 000F 0010 000F 0010 000F 0010 000F 0010 000F 0010 000F 0010 000F 0010 002F 0010 000F 0010 002F 0010 002F 0010 002F 0010 002F 0010 000F 0010 000F 0010 002F 0010 000F 0010 002F 0010 002F 0010 002F 0010 002F 0010 000F 0010 002F 0010 02DD'),(274,5,1,'TV_VCR','0000 0070 0000 0032 0080 003F 0010 000F 0010 002F 0010 000F 0010 000F 0010 000F 0010 000F 0010 000F 0010 000F 0010 000F 0010 000F 0010 000F 0010 000F 0010 000F 0010 002F 0010 000F 0010 000F 0010 000F 0010 000F 0010 000F 0010 000F 0010 000F 0010 000F 0010 000F 0010 002F 0010 000F 0010 000F 0010 000F 0010 000F 0010 000F 0010 000F 0010 000F 0010 000F 0010 002F 0010 002F 0010 000F 0010 002F 0010 002F 0010 002F 0010 000F 0010 002F 0010 002F 0010 002F 0010 000F 0010 002F 0010 002F 0010 002F 0010 000F 0010 000F 0010 02DC'),(275,5,1,'PAUSE','0000 0070 0000 0032 0080 003F 0010 0010 0010 002F 0010 0010 0010 0010 0010 0010 0010 0010 0010 0010 0010 0010 0010 0010 0010 0010 0010 0010 0010 0010 0010 0010 0010 002F 0010 0010 0010 0010 0010 0010 0010 0010 0010 0010 0010 0010 0010 0010 0010 0010 0010 0010 0010 002F 0010 002F 0010 0010 0010 0010 0010 002F 0010 0010 0010 0010 0010 0010 0010 0010 0010 002F 0010 0010 0010 0010 0010 0010 0010 0010 0010 0010 0010 002F 0010 002F 0010 0010 0010 0010 0010 0010 0010 002F 0010 0010 0010 0010 0010 002F 0010 0010 0010 02DC'),(276,5,1,'SKIPFWD','0000 0070 0000 0032 0080 003F 0010 000F 0010 002F 0010 000F 0010 000F 0010 000F 0010 000F 0010 000F 0010 000F 0010 000F 0010 000F 0010 000F 0010 000F 0010 000F 0010 002F 0010 000F 0010 000F 0010 000F 0010 000F 0010 000F 0010 000F 0010 000F 0010 000F 0010 000F 0010 002F 0010 002F 0010 000F 0010 000F 0010 002F 0010 000F 0010 000F 0010 000F 0010 000F 0010 002F 0010 000F 0010 002F 0010 000F 0010 000F 0010 000F 0010 000F 0010 002F 0010 000F 0010 000F 0010 002F 0010 002F 0010 000F 0010 000F 0010 000F 0010 000F 0010 02DC'),(277,5,1,'VOLUP','0000 0070 0000 0032 0080 003F 0010 000F 0010 002F 0010 000F 0010 000F 0010 000F 0010 000F 0010 000F 0010 000F 0010 000F 0010 000F 0010 000F 0010 000F 0010 000F 0010 002F 0010 000F 0010 000F 0010 000F 0010 000F 0010 000F 0010 000F 0010 000F 0010 000F 0010 000F 0010 002F 0010 000F 0010 000F 0010 000F 0010 000F 0010 000F 0010 000F 0010 000F 0010 000F 0010 000F 0010 000F 0010 000F 0010 000F 0010 000F 0010 002F 0010 000F 0010 000F 0010 000F 0010 000F 0010 000F 0010 000F 0010 000F 0010 002F 0010 000F 0010 002F 0010 02DC');

/*Table structure for table `key_layout` */

DROP TABLE IF EXISTS `key_layout`;

CREATE TABLE `key_layout` (
  `key_layout_id` int(11) NOT NULL auto_increment,
  `FK_remote_type_id` int(11) NOT NULL,
  `FK_key_code_format_id` int(11) NOT NULL,
  `key_name` varchar(45) NOT NULL,
  `panel` int(11) NOT NULL default '0',
  `row_num` int(11) NOT NULL default '0',
  `column_num` int(11) NOT NULL default '0',
  `fore_color` varchar(45) default NULL,
  `back_color` varchar(45) default NULL,
  PRIMARY KEY  (`key_layout_id`),
  UNIQUE KEY `unique_layouts` (`FK_remote_type_id`,`FK_key_code_format_id`,`key_name`),
  KEY `FK_remote_type_kl` (`FK_remote_type_id`),
  KEY `FK_key_code_format_kl` (`FK_key_code_format_id`),
  KEY `FK126B410A9470A0C2` (`FK_remote_type_id`),
  KEY `FK126B410ABBCD9A6D` (`FK_key_code_format_id`),
  CONSTRAINT `FK126B410A9470A0C2` FOREIGN KEY (`FK_remote_type_id`) REFERENCES `remote_type` (`remote_type_id`),
  CONSTRAINT `FK126B410ABBCD9A6D` FOREIGN KEY (`FK_key_code_format_id`) REFERENCES `key_code_format` (`key_code_format_id`),
  CONSTRAINT `FK_key_code_format_kl` FOREIGN KEY (`FK_key_code_format_id`) REFERENCES `key_code_format` (`key_code_format_id`) ON DELETE NO ACTION ON UPDATE NO ACTION,
  CONSTRAINT `FK_remote_type_kl` FOREIGN KEY (`FK_remote_type_id`) REFERENCES `remote_type` (`remote_type_id`) ON DELETE NO ACTION ON UPDATE NO ACTION
) ENGINE=InnoDB AUTO_INCREMENT=319 DEFAULT CHARSET=latin1 ROW_FORMAT=DYNAMIC;

/*Data for the table `key_layout` */

insert  into `key_layout`(`key_layout_id`,`FK_remote_type_id`,`FK_key_code_format_id`,`key_name`,`panel`,`row_num`,`column_num`,`fore_color`,`back_color`) values (1,5,1,'DASH',3,1,2,NULL,NULL),(3,2,1,'ZERO',1,4,2,NULL,NULL),(4,3,1,'ZERO',1,4,2,NULL,NULL),(5,5,1,'ZERO',1,4,2,NULL,NULL),(6,1,1,'ZERO',1,4,2,'',''),(9,2,1,'ONE',1,1,1,NULL,NULL),(10,3,1,'ONE',1,1,1,NULL,NULL),(11,5,1,'ONE',1,1,1,NULL,NULL),(12,1,1,'ONE',1,1,1,NULL,NULL),(15,2,1,'TWO',1,1,2,NULL,NULL),(16,3,1,'TWO',1,1,2,NULL,NULL),(17,5,1,'TWO',1,1,2,NULL,NULL),(18,1,1,'TWO',1,1,2,NULL,NULL),(21,2,1,'THREE',1,1,3,NULL,NULL),(22,3,1,'THREE',1,1,3,NULL,NULL),(23,5,1,'THREE',1,1,3,NULL,NULL),(24,1,1,'THREE',1,1,3,NULL,NULL),(27,2,1,'FOUR',1,2,1,NULL,NULL),(28,3,1,'FOUR',1,2,1,NULL,NULL),(29,5,1,'FOUR',1,2,1,NULL,NULL),(30,1,1,'FOUR',1,2,1,NULL,NULL),(33,2,1,'FIVE',1,2,2,NULL,NULL),(34,3,1,'FIVE',1,2,2,NULL,NULL),(35,5,1,'FIVE',1,2,2,NULL,NULL),(36,1,1,'FIVE',1,2,2,NULL,NULL),(39,2,1,'SIX',1,2,3,NULL,NULL),(40,3,1,'SIX',1,2,3,NULL,NULL),(41,5,1,'SIX',1,2,3,NULL,NULL),(42,1,1,'SIX',1,2,3,NULL,NULL),(45,2,1,'SEVEN',1,3,1,NULL,NULL),(46,3,1,'SEVEN',1,3,1,NULL,NULL),(47,5,1,'SEVEN',1,3,1,NULL,NULL),(48,1,1,'SEVEN',1,3,1,NULL,NULL),(51,2,1,'EIGHT',1,3,2,NULL,NULL),(52,5,1,'EIGHT',1,3,2,NULL,NULL),(53,1,1,'EIGHT',1,3,2,NULL,NULL),(55,3,1,'EIGHT',1,3,2,NULL,NULL),(57,5,1,'NINE',1,3,3,NULL,NULL),(58,2,1,'NINE',1,3,3,NULL,NULL),(59,1,1,'NINE',1,3,3,NULL,NULL),(61,3,1,'NINE',1,3,3,NULL,NULL),(63,5,1,'A',1,5,1,NULL,NULL),(64,2,1,'A',1,5,1,NULL,NULL),(65,1,1,'A',1,5,1,'',''),(67,3,1,'A',1,5,1,NULL,NULL),(73,5,1,'B',1,5,2,NULL,NULL),(74,2,1,'B',1,5,2,NULL,NULL),(75,1,1,'B',1,5,2,NULL,NULL),(76,3,1,'B',1,5,2,NULL,NULL),(78,1,1,'BYPASS',5,2,1,NULL,NULL),(79,2,1,'BYPASS',5,2,1,NULL,NULL),(80,3,1,'BYPASS',0,0,0,NULL,NULL),(82,3,1,'C',1,5,3,NULL,NULL),(84,5,1,'C',1,5,3,NULL,NULL),(85,2,1,'C',1,5,3,NULL,NULL),(86,1,1,'C',1,5,3,NULL,NULL),(89,3,1,'CHDN',3,2,3,NULL,NULL),(90,1,1,'CHDN',3,2,3,NULL,NULL),(91,2,1,'CHDN',3,2,3,NULL,NULL),(92,5,1,'CHDN',3,2,3,NULL,NULL),(95,3,1,'CHUP',3,1,3,NULL,NULL),(96,2,1,'CHUP',3,1,3,NULL,NULL),(97,1,1,'CHUP',3,1,3,NULL,NULL),(99,5,1,'CHUP',3,1,3,NULL,NULL),(102,3,1,'D',0,0,0,NULL,NULL),(104,5,1,'D',3,2,2,NULL,NULL),(105,1,1,'D_LOCK',4,3,3,NULL,NULL),(106,3,1,'DAYDN',0,0,0,NULL,NULL),(107,3,1,'DAYUP',0,0,0,NULL,NULL),(109,1,1,'DOWN',2,3,2,NULL,NULL),(110,3,1,'DOWN',2,3,2,NULL,NULL),(111,2,1,'DOWN',2,3,2,NULL,NULL),(114,5,1,'DOWN',2,3,2,NULL,NULL),(116,1,1,'ENTER',0,0,0,NULL,NULL),(118,2,1,'ENTER',0,0,0,NULL,NULL),(119,3,1,'ENTER',0,0,0,NULL,NULL),(120,1,1,'EXIT',2,3,3,NULL,NULL),(121,2,1,'EXIT',2,3,3,NULL,NULL),(122,3,1,'EXIT',2,3,3,NULL,NULL),(125,5,1,'EXIT',2,3,3,NULL,NULL),(127,1,1,'FAV',1,4,3,NULL,NULL),(128,3,1,'FAV',2,3,3,NULL,NULL),(130,5,1,'FAV',1,4,3,NULL,NULL),(131,2,1,'FF',4,2,3,NULL,NULL),(133,5,1,'FF',4,2,3,NULL,NULL),(134,3,1,'FF',4,2,3,NULL,NULL),(135,1,1,'FF',4,2,3,NULL,NULL),(136,5,1,'FORMAT',5,1,1,NULL,NULL),(140,5,1,'GUIDE',2,1,1,NULL,NULL),(141,2,1,'GUIDE',2,1,1,NULL,NULL),(142,1,1,'GUIDE',2,1,1,NULL,NULL),(143,3,1,'GUIDE',2,1,1,NULL,NULL),(144,3,1,'HDZOOM',0,0,0,NULL,NULL),(145,3,1,'HELP',0,0,0,NULL,NULL),(146,1,1,'HELP',0,0,0,NULL,NULL),(149,3,1,'INFO',2,1,3,NULL,NULL),(150,5,1,'INFO',2,1,3,NULL,NULL),(151,2,1,'INFO',2,1,3,NULL,NULL),(152,1,1,'INFO',2,1,3,NULL,NULL),(153,1,1,'INSTREPLAY',4,4,2,NULL,NULL),(154,3,1,'JUMPBACK',4,3,2,NULL,NULL),(155,3,1,'LANGUAGE',0,0,0,NULL,NULL),(156,1,1,'LAST',1,4,1,NULL,NULL),(158,2,1,'LAST',1,4,1,NULL,NULL),(159,5,1,'LAST',1,4,1,NULL,NULL),(160,3,1,'LAST',1,4,1,NULL,NULL),(162,2,1,'LEFT',2,2,1,NULL,NULL),(163,5,1,'LEFT',2,2,1,NULL,NULL),(164,3,1,'LEFT',2,2,1,NULL,NULL),(167,1,1,'LEFT',2,2,1,NULL,NULL),(168,5,1,'LINK',5,1,2,NULL,NULL),(169,3,1,'LIVE',4,3,3,NULL,NULL),(170,1,1,'LIVE',0,0,0,NULL,NULL),(171,3,1,'LOCK',0,0,0,NULL,NULL),(173,3,1,'MENU',5,3,2,NULL,NULL),(174,5,1,'MENU',5,3,2,NULL,NULL),(175,1,1,'MENU',5,3,2,NULL,NULL),(177,2,1,'MUTE',2,3,1,NULL,NULL),(178,3,1,'MUTE',2,3,1,NULL,NULL),(179,5,1,'MUTE',2,3,1,NULL,NULL),(181,1,1,'MUTE',2,3,1,NULL,NULL),(183,1,1,'MYDVR',0,0,0,NULL,NULL),(184,3,1,'MYDVR',4,4,1,NULL,NULL),(185,3,1,'OK',2,2,2,NULL,NULL),(186,5,1,'OK',0,0,0,NULL,NULL),(187,5,1,'ONDEMAND',5,2,1,NULL,NULL),(188,3,1,'ONDEMAND',4,4,2,NULL,NULL),(189,5,1,'PAUSE',4,1,2,NULL,NULL),(190,2,1,'PAUSE',4,1,2,NULL,NULL),(191,1,1,'PAUSE',4,1,2,NULL,NULL),(193,3,1,'PAUSE',4,1,2,NULL,NULL),(194,3,1,'PGDN',3,2,2,NULL,NULL),(195,1,1,'PGDN',3,2,2,NULL,NULL),(196,2,1,'PGDN',3,2,2,NULL,NULL),(198,2,1,'PGUP',3,1,2,NULL,NULL),(199,3,1,'PGUP',3,1,2,NULL,NULL),(201,1,1,'PGUP',3,1,2,NULL,NULL),(203,3,1,'PIPCHDN',5,1,2,NULL,NULL),(204,3,1,'PIPCHUP',5,2,1,NULL,NULL),(205,3,1,'PIPMOVE',5,2,2,NULL,NULL),(206,3,1,'PIPONOFF',0,0,0,NULL,NULL),(207,1,1,'PIPSWAP',5,3,1,NULL,NULL),(208,3,1,'PIPSWAP',5,3,1,NULL,NULL),(210,1,1,'PLAY',4,1,3,NULL,NULL),(211,5,1,'PLAY',4,1,3,NULL,NULL),(212,2,1,'PLAY',4,1,3,NULL,NULL),(213,3,1,'PLAY',4,1,3,NULL,NULL),(214,1,1,'POWER',5,4,1,NULL,NULL),(215,2,1,'POWER',5,4,1,NULL,NULL),(216,5,1,'POWER',5,4,1,NULL,NULL),(218,3,1,'POWER',5,4,1,NULL,NULL),(220,1,1,'PPV',0,0,0,NULL,NULL),(222,3,1,'REC',4,2,2,NULL,NULL),(223,1,1,'REC',4,2,2,NULL,NULL),(224,2,1,'REC',4,2,2,NULL,NULL),(225,5,1,'REC',4,2,2,NULL,NULL),(226,1,1,'REPLAY',0,0,0,NULL,NULL),(227,3,1,'REPLAY',0,0,0,NULL,NULL),(228,5,1,'RETURN',5,2,1,NULL,NULL),(231,1,1,'REW',4,2,1,NULL,NULL),(232,5,1,'REW',4,2,1,NULL,NULL),(233,3,1,'REW',4,2,1,NULL,NULL),(234,2,1,'REW',4,2,1,NULL,NULL),(235,3,1,'RIGHT',2,2,3,NULL,NULL),(236,5,1,'RIGHT',2,2,3,NULL,NULL),(237,2,1,'RIGHT',2,2,3,NULL,NULL),(238,1,1,'RIGHT',2,2,3,NULL,NULL),(241,5,1,'SAP',5,2,2,NULL,NULL),(242,5,1,'SDHC',5,5,2,NULL,NULL),(243,5,1,'SELECT',2,2,2,NULL,NULL),(244,1,1,'SELECT',2,2,2,NULL,NULL),(245,2,1,'SELECT',2,2,2,NULL,NULL),(247,3,1,'SELECT',0,0,0,NULL,NULL),(249,2,1,'SETTINGS',5,1,1,NULL,NULL),(250,5,1,'SKIP',5,6,1,NULL,NULL),(251,5,1,'SKIPFWD',5,6,2,NULL,NULL),(252,1,1,'SKIPFWD',4,4,3,NULL,NULL),(253,1,1,'SLOW',4,4,1,NULL,NULL),(254,3,1,'STOP',4,1,1,NULL,NULL),(255,2,1,'STOP',4,1,1,NULL,NULL),(257,5,1,'STOP',4,1,1,NULL,NULL),(258,1,1,'STOP',4,1,1,NULL,NULL),(259,1,1,'SWAP',4,5,1,NULL,NULL),(261,1,1,'THUMBDOWN',4,3,1,NULL,NULL),(262,1,1,'THUMBUP',4,3,2,NULL,NULL),(264,2,1,'TV_VCR',5,3,1,NULL,NULL),(265,5,1,'TV_VCR',5,4,2,NULL,NULL),(266,5,1,'TVMENU',5,3,1,NULL,NULL),(268,5,1,'TVVIDEO',5,5,1,NULL,NULL),(270,1,1,'UP',2,1,2,NULL,NULL),(271,5,1,'UP',2,1,2,NULL,NULL),(272,3,1,'UP',2,1,2,NULL,NULL),(273,2,1,'UP',2,1,2,NULL,NULL),(276,3,1,'VOLDN',3,2,1,NULL,NULL),(277,5,1,'VOLDN',3,2,1,NULL,NULL),(278,2,1,'VOLDN',3,2,1,NULL,NULL),(280,1,1,'VOLDN',3,2,1,NULL,NULL),(281,3,1,'VOLOPT',0,0,0,NULL,NULL),(282,5,1,'VOLUP',3,1,1,NULL,NULL),(284,2,1,'VOLUP',3,1,1,NULL,NULL),(285,1,1,'VOLUP',3,1,1,NULL,NULL),(286,3,1,'VOLUP',3,1,1,NULL,NULL),(288,4,1,'POWER',0,0,0,NULL,NULL),(289,4,1,'INFO',0,0,0,NULL,NULL),(290,4,1,'ONE',0,0,0,NULL,NULL),(291,4,1,'TWO',0,0,0,NULL,NULL),(292,4,1,'THREE',0,0,0,NULL,NULL),(293,4,1,'FOUR',0,0,0,NULL,NULL),(294,4,1,'FIVE',0,0,0,NULL,NULL),(295,4,1,'SIX',0,0,0,NULL,NULL),(296,4,1,'SEVEN',0,0,0,NULL,NULL),(297,4,1,'EIGHT',0,0,0,NULL,NULL),(298,4,1,'NINE',0,0,0,NULL,NULL),(299,4,1,'ZERO',0,0,0,NULL,NULL),(300,4,1,'ENTER',0,0,0,NULL,NULL),(301,4,1,'LAST',0,0,0,NULL,NULL),(302,4,1,'VOLUP',0,0,0,NULL,NULL),(303,4,1,'VOLDN',0,0,0,NULL,NULL),(304,4,1,'MUTE',0,0,0,NULL,NULL),(305,4,1,'CHUP',0,0,0,NULL,NULL),(306,4,1,'CHDN',0,0,0,NULL,NULL),(307,4,1,'LANGUAGE',0,0,0,NULL,NULL),(308,2,1,'MENU',0,0,0,NULL,NULL),(309,2,1,'PIPONOFF',0,0,0,NULL,NULL),(310,2,1,'PIPSWAP',0,0,0,NULL,NULL),(311,2,1,'PIPMOVE',0,0,0,NULL,NULL),(312,2,1,'PIPCHDN',0,0,0,NULL,NULL),(313,2,1,'PIPCHUP',0,0,0,NULL,NULL),(314,2,1,'FAV',0,0,0,NULL,NULL),(315,1,1,'ONDEMAND',0,0,0,NULL,NULL),(316,6,1,'HDMI',0,0,0,NULL,NULL),(317,6,1,'COMPONENT',0,0,0,NULL,NULL),(318,6,1,'COMPOSITE',0,0,0,NULL,NULL);

